SKUCode,MaterialCode,MaterialType,MaterialTypeConstraint,MaterialQty,UnitOfMeasure,UnitOfPrice,LeadTime,ReplenishmentCycle
SKU01,RM1,RM,Others,0.4270115,G,0.042525,56,1
SKU01,RM16,RM,Others,1.05885146,G,0.05265721,140,1
SKU01,RM20,RM,Others,0.00021143,G,0.37606,56,1
SKU01,RM60,RM,Others,0.42984126,G,0.08911397,84,1
SKU01,RM64,RM,Others,0.02135463,G,1.88828808,63,1
SKU01,RM67,RM,Others,0.26471286,G,0.04750956,154,1
SKU02,RM1,RM,Others,0.85402301,G,0.042525,56,1
SKU02,RM16,RM,Others,2.11770291,G,0.05265721,140,1
SKU02,RM20,RM,Others,0.00042286,G,0.37606,56,1
SKU02,RM60,RM,Others,0.85968251,G,0.08911397,84,1
SKU02,RM64,RM,Others,0.04270926,G,1.88828808,63,1
SKU02,RM67,RM,Others,0.52942573,G,0.04750956,154,1
SKU03,RM1,RM,Others,0.85402301,G,0.042525,56,1
SKU03,RM16,RM,Others,2.11770291,G,0.05265721,140,1
SKU03,RM167,RM,Others,0.25625558,G,0.00925705,42,1
SKU03,RM20,RM,Others,0.00042286,G,0.37606,56,1
SKU03,RM60,RM,Others,0.85968251,G,0.08911397,84,1
SKU03,RM67,RM,Others,0.88928299,G,0.04750956,154,1
SKU04,RM1,RM,Others,0.0020692,G,0.042525,56,1
SKU04,RM115,RM,Others,0.14629244,G,0.22998658,70,1
SKU04,RM166,RM,Others,2.0723038,G,0.02767,63,1
SKU04,RM167,RM,Others,0.25099396,G,0.00925705,42,1
SKU04,RM51,RM,Others,2.1033418,G,0.04374526,84,1
SKU04,RM62,RM,Others,6.2169114,G,0.0436825,70,1
SKU04,RM97,RM,Others,0.6269676,G,0.13327567,84,1
SKU05,RM1,RM,Others,0.4270115,G,0.042525,56,1
SKU05,RM16,RM,Others,1.05885146,G,0.05265721,140,1
SKU05,RM167,RM,Others,0.12812779,G,0.00925705,42,1
SKU05,RM20,RM,Others,0.00021143,G,0.37606,56,1
SKU05,RM60,RM,Others,0.42984126,G,0.08911397,84,1
SKU05,RM67,RM,Others,0.4446415,G,0.04750956,154,1
SKU06,RM1,RM,Others,0.00258175,G,0.042525,56,1
SKU06,RM105,RM,Others,0.78097937,G,0.17989918,154,1
SKU06,RM15,RM,Others,2.7149683,G,0.03206499,63,1
SKU06,RM159,RM,Others,1.2929404,G,0.02212597,56,1
SKU06,RM166,RM,Others,6.46418565,G,0.02767,63,1
SKU06,RM167,RM,Others,0.05215135,G,0.00925705,42,1
SKU06,RM25,RM,Others,0.07771067,G,0.88060751,84,1
SKU06,RM29,RM,Others,2.07521065,G,0.0195296,42,1
SKU06,RM62,RM,Others,9.6960203,G,0.0436825,70,1
SKU06,RM76,RM,Others,4.87486035,G,0.2605738,126,1
SKU07,RM1,RM,Others,0.0041384,G,0.042525,56,1
SKU07,RM115,RM,Others,0.29258488,G,0.22998658,70,1
SKU07,RM166,RM,Others,4.1446076,G,0.02767,63,1
SKU07,RM167,RM,Others,0.50198792,G,0.00925705,42,1
SKU07,RM51,RM,Others,4.2066836,G,0.04374526,84,1
SKU07,RM62,RM,Others,12.4338228,G,0.0436825,70,1
SKU07,RM97,RM,Others,1.2539352,G,0.13327567,84,1
SKU08,RM1,RM,Others,1.49689271,G,0.042525,56,1
SKU08,RM16,RM,Others,3.71181341,G,0.05265721,140,1
SKU08,RM167,RM,Others,0.44915314,G,0.00925705,42,1
SKU08,RM20,RM,Others,0.00074118,G,0.37606,56,1
SKU08,RM60,RM,Others,1.50681243,G,0.08911397,84,1
SKU08,RM67,RM,Others,1.55869481,G,0.04750956,154,1
SKU09,RM1,RM,Others,1.49689271,G,0.042525,56,1
SKU09,RM16,RM,Others,3.71181341,G,0.05265721,140,1
SKU09,RM20,RM,Others,0.00074118,G,0.37606,56,1
SKU09,RM60,RM,Others,1.50681243,G,0.08911397,84,1
SKU09,RM64,RM,Others,0.07485886,G,1.88828808,63,1
SKU09,RM67,RM,Others,0.92795335,G,0.04750956,154,1
SKU10,PM19,PM,Primary PKG,1.0058,PC,0.81951,28,1
SKU10,RM1,RM,Others,0.93890734,G,0.042525,56,1
SKU10,RM11,RM,Others,3.41335921,G,0.0116,28,1
SKU10,RM167,RM,Others,12.87717151,G,0.00925705,42,1
SKU10,RM18,RM,Others,1.50242161,G,0.0164296,140,1
SKU10,RM20,RM,Others,0.00042465,G,0.37606,56,1
SKU10,RM49,RM,Others,1.72663828,G,0.13166,91,1
SKU10,RM5,RM,Others,1.28669798,G,0.22473,56,1
SKU10,RM70,RM,Others,0.04246528,G,0.05046431,175,1
SKU11,PM18,PM,Primary PKG,1.0056,PC,0.64305,28,1
SKU11,RM1,RM,Others,0.46945367,G,0.042525,56,1
SKU11,RM11,RM,Others,1.7066796,G,0.0116,28,1
SKU11,RM167,RM,Others,6.43858575,G,0.00925705,42,1
SKU11,RM18,RM,Others,0.7512108,G,0.0164296,140,1
SKU11,RM20,RM,Others,0.00021233,G,0.37606,56,1
SKU11,RM49,RM,Others,0.86331914,G,0.13166,91,1
SKU11,RM5,RM,Others,0.64334899,G,0.22473,56,1
SKU11,RM70,RM,Others,0.02123264,G,0.05046431,175,1
SKU12,PM20,PM,Primary PKG,1.0058,PC,1.339,28,1
SKU12,RM1,RM,Others,1.64308785,G,0.042525,56,1
SKU12,RM11,RM,Others,5.97337861,G,0.0116,28,1
SKU12,RM167,RM,Others,22.53505014,G,0.00925705,42,1
SKU12,RM18,RM,Others,2.62923781,G,0.0164296,140,1
SKU12,RM20,RM,Others,0.00074314,G,0.37606,56,1
SKU12,RM49,RM,Others,3.021617,G,0.13166,91,1
SKU12,RM5,RM,Others,2.25172147,G,0.22473,56,1
SKU12,RM70,RM,Others,0.07431424,G,0.05046431,175,1
SKU13,RM1,RM,Others,1.50408931,G,0.042525,56,1
SKU13,RM16,RM,Others,3.72965867,G,0.05265721,140,1
SKU13,RM20,RM,Others,0.00074474,G,0.37606,56,1
SKU13,RM60,RM,Others,1.51405672,G,0.08911397,84,1
SKU13,RM64,RM,Others,0.07521876,G,1.88828808,63,1
SKU13,RM67,RM,Others,0.93241467,G,0.04750956,154,1
SKU14,RM1,RM,Others,1.47755014,G,0.042525,56,1
SKU14,RM106,RM,Others,0.00738326,G,0.25703874,70,1
SKU14,RM108,RM,Others,0.00738326,G,0.6098795,126,1
SKU14,RM111,RM,Others,0.00738326,G,0.26665399,70,1
SKU14,RM112,RM,Others,0.00738326,G,0.31543914,70,1
SKU14,RM122,RM,Others,0.00738326,G,0.65009415,105,1
SKU14,RM132,RM,Others,26.93856681,G,0.02703,56,1
SKU14,RM151,RM,Others,0.00738326,G,2.9457884,105,1
SKU14,RM152,RM,Others,0.00738326,G,2.14716104,105,1
SKU14,RM153,RM,Others,0.00738326,G,3.9716267,105,1
SKU14,RM167,RM,Others,0.07457094,G,0.00925705,42,1
SKU14,RM39,RM,Others,5.22587228,G,0.13572957,56,1
SKU14,RM60,RM,Others,1.87608667,G,0.08911397,84,1
SKU14,RM81,RM,Others,0.88599134,G,0.11803985,133,1
SKU14,RM94,RM,Others,0.00738326,G,0.25775,70,1
SKU15,PM15,PM,Primary PKG,1.0056,PC,0.6776,28,1
SKU15,PM9,PM,Primary PKG,1.0042,PC,0.31115,28,1
SKU15,RM1,RM,Others,0.42882787,G,0.042525,56,1
SKU15,RM11,RM,Others,1.71488479,G,0.0116,28,1
SKU15,RM167,RM,Others,6.46954049,G,0.00925705,42,1
SKU15,RM20,RM,Others,0.00042669,G,0.37606,56,1
SKU15,RM49,RM,Others,0.86746972,G,0.13166,91,1
SKU15,RM5,RM,Others,0.86192269,G,0.22473,56,1
SKU15,RM70,RM,Others,0.02133472,G,0.05046431,175,1
SKU15,RM77,RM,Others,0.02176141,G,0.06272882,84,1
SKU15,RM80,RM,Others,0.00106674,G,1.93003464,42,1
SKU16,PM16,PM,Primary PKG,1.0058,PC,0.9251,28,1
SKU16,PM8,PM,Primary PKG,1.0012,PC,0.41453,28,1
SKU16,RM1,RM,Others,0.85765574,G,0.042525,56,1
SKU16,RM11,RM,Others,3.42976959,G,0.0116,28,1
SKU16,RM167,RM,Others,12.93908099,G,0.00925705,42,1
SKU16,RM20,RM,Others,0.00085339,G,0.37606,56,1
SKU16,RM49,RM,Others,1.73493943,G,0.13166,91,1
SKU16,RM5,RM,Others,1.72384538,G,0.22473,56,1
SKU16,RM70,RM,Others,0.04266944,G,0.05046431,175,1
SKU16,RM77,RM,Others,0.04352283,G,0.06272882,84,1
SKU16,RM80,RM,Others,0.00213347,G,1.93003464,42,1
SKU17,RM1,RM,Others,0.0072289,G,0.042525,56,1
SKU17,RM115,RM,Others,0.51108323,G,0.22998658,70,1
SKU17,RM166,RM,Others,7.23974335,G,0.02767,63,1
SKU17,RM167,RM,Others,0.87686557,G,0.00925705,42,1
SKU17,RM51,RM,Others,7.34817685,G,0.04374526,84,1
SKU17,RM62,RM,Others,21.71923005,G,0.0436825,70,1
SKU17,RM97,RM,Others,2.1903567,G,0.13327567,84,1
SKU18,RM106,RM,Others,0.00715661,G,0.25703874,70,1
SKU18,RM108,RM,Others,0.00715661,G,0.6098795,126,1
SKU18,RM111,RM,Others,0.00715661,G,0.26665399,70,1
SKU18,RM112,RM,Others,0.00715661,G,0.31543914,70,1
SKU18,RM115,RM,Others,0.5059724,G,0.22998658,70,1
SKU18,RM122,RM,Others,0.00715661,G,0.65009415,105,1
SKU18,RM151,RM,Others,0.00715661,G,2.9457884,105,1
SKU18,RM152,RM,Others,0.00715661,G,2.14716104,105,1
SKU18,RM153,RM,Others,0.00715661,G,3.9716267,105,1
SKU18,RM166,RM,Others,7.16734592,G,0.02767,63,1
SKU18,RM167,RM,Others,0.86809691,G,0.00925705,42,1
SKU18,RM39,RM,Others,5.78898264,G,0.13572957,56,1
SKU18,RM51,RM,Others,7.27469508,G,0.04374526,84,1
SKU18,RM62,RM,Others,21.50203775,G,0.0436825,70,1
SKU18,RM94,RM,Others,0.00715661,G,0.25775,70,1
SKU18,RM97,RM,Others,2.16845313,G,0.13327567,84,1
SKU19,RM1,RM,Others,0.85812888,G,0.042525,56,1
SKU19,RM106,RM,Others,0.00424897,G,0.25703874,70,1
SKU19,RM108,RM,Others,0.00424897,G,0.6098795,126,1
SKU19,RM111,RM,Others,0.00424897,G,0.26665399,70,1
SKU19,RM112,RM,Others,0.00424897,G,0.31543914,70,1
SKU19,RM122,RM,Others,0.00424897,G,0.65009415,105,1
SKU19,RM138,RM,Others,0.21457298,G,0.37092876,70,1
SKU19,RM151,RM,Others,0.00424897,G,2.9457884,105,1
SKU19,RM152,RM,Others,0.00424897,G,2.14716104,105,1
SKU19,RM153,RM,Others,0.00424897,G,3.9716267,105,1
SKU19,RM167,RM,Others,0.64414385,G,0.00925705,42,1
SKU19,RM26,RM,Others,3.19140137,G,0.03193511,105,1
SKU19,RM39,RM,Others,3.00742097,G,0.13572957,56,1
SKU19,RM5,RM,Others,0.42914597,G,0.22473,56,1
SKU19,RM51,RM,Others,1.07966328,G,0.04374526,84,1
SKU19,RM53,RM,Others,4.29485888,G,0.00922471,42,1
SKU19,RM63,RM,Others,4.28466135,G,0.020177,84,1
SKU19,RM90,RM,Others,2.12788418,G,0.09503813,56,1
SKU19,RM91,RM,Others,2.12788418,G,0.03353945,28,1
SKU19,RM94,RM,Others,0.00424897,G,0.25775,70,1
SKU20,RM106,RM,Others,0.00204851,G,0.25703874,70,1
SKU20,RM108,RM,Others,0.00204851,G,0.6098795,126,1
SKU20,RM111,RM,Others,0.00204851,G,0.26665399,70,1
SKU20,RM112,RM,Others,0.00204851,G,0.31543914,70,1
SKU20,RM115,RM,Others,0.14482952,G,0.22998658,70,1
SKU20,RM122,RM,Others,0.00204851,G,0.65009415,105,1
SKU20,RM151,RM,Others,0.00204851,G,2.9457884,105,1
SKU20,RM152,RM,Others,0.00204851,G,2.14716104,105,1
SKU20,RM153,RM,Others,0.00204851,G,3.9716267,105,1
SKU20,RM166,RM,Others,2.05158076,G,0.02767,63,1
SKU20,RM167,RM,Others,0.24848402,G,0.00925705,42,1
SKU20,RM39,RM,Others,1.65703812,G,0.13572957,56,1
SKU20,RM51,RM,Others,2.08230838,G,0.04374526,84,1
SKU20,RM62,RM,Others,6.15474229,G,0.0436825,70,1
SKU20,RM94,RM,Others,0.00204851,G,0.25775,70,1
SKU20,RM97,RM,Others,0.62069792,G,0.13327567,84,1
SKU21,RM106,RM,Others,0.00409702,G,0.25703874,70,1
SKU21,RM108,RM,Others,0.00409702,G,0.6098795,126,1
SKU21,RM111,RM,Others,0.00409702,G,0.26665399,70,1
SKU21,RM112,RM,Others,0.00409702,G,0.31543914,70,1
SKU21,RM115,RM,Others,0.28965903,G,0.22998658,70,1
SKU21,RM122,RM,Others,0.00409702,G,0.65009415,105,1
SKU21,RM151,RM,Others,0.00409702,G,2.9457884,105,1
SKU21,RM152,RM,Others,0.00409702,G,2.14716104,105,1
SKU21,RM153,RM,Others,0.00409702,G,3.9716267,105,1
SKU21,RM166,RM,Others,4.10316152,G,0.02767,63,1
SKU21,RM167,RM,Others,0.49696804,G,0.00925705,42,1
SKU21,RM39,RM,Others,3.31407624,G,0.13572957,56,1
SKU21,RM51,RM,Others,4.16461676,G,0.04374526,84,1
SKU21,RM62,RM,Others,12.30948457,G,0.0436825,70,1
SKU21,RM94,RM,Others,0.00409702,G,0.25775,70,1
SKU21,RM97,RM,Others,1.24139585,G,0.13327567,84,1
SKU22,RM1,RM,Others,0.42149374,G,0.042525,56,1
SKU22,RM106,RM,Others,0.00210619,G,0.25703874,70,1
SKU22,RM108,RM,Others,0.00210619,G,0.6098795,126,1
SKU22,RM111,RM,Others,0.00210619,G,0.26665399,70,1
SKU22,RM112,RM,Others,0.00210619,G,0.31543914,70,1
SKU22,RM122,RM,Others,0.00210619,G,0.65009415,105,1
SKU22,RM132,RM,Others,7.68463754,G,0.02703,56,1
SKU22,RM151,RM,Others,0.00210619,G,2.9457884,105,1
SKU22,RM152,RM,Others,0.00210619,G,2.14716104,105,1
SKU22,RM153,RM,Others,0.00210619,G,3.9716267,105,1
SKU22,RM167,RM,Others,0.0212725,G,0.00925705,42,1
SKU22,RM39,RM,Others,1.49075987,G,0.13572957,56,1
SKU22,RM60,RM,Others,0.53518237,G,0.08911397,84,1
SKU22,RM81,RM,Others,0.25274256,G,0.11803985,133,1
SKU22,RM94,RM,Others,0.00210619,G,0.25775,70,1
SKU23,RM1,RM,Others,0.84431437,G,0.042525,56,1
SKU23,RM106,RM,Others,0.00421901,G,0.25703874,70,1
SKU23,RM108,RM,Others,0.00421901,G,0.6098795,126,1
SKU23,RM111,RM,Others,0.00421901,G,0.26665399,70,1
SKU23,RM112,RM,Others,0.00421901,G,0.31543914,70,1
SKU23,RM122,RM,Others,0.00421901,G,0.65009415,105,1
SKU23,RM132,RM,Others,15.39346675,G,0.02703,56,1
SKU23,RM151,RM,Others,0.00421901,G,2.9457884,105,1
SKU23,RM152,RM,Others,0.00421901,G,2.14716104,105,1
SKU23,RM153,RM,Others,0.00421901,G,3.9716267,105,1
SKU23,RM167,RM,Others,0.04261196,G,0.00925705,42,1
SKU23,RM39,RM,Others,2.98621273,G,0.13572957,56,1
SKU23,RM60,RM,Others,1.07204953,G,0.08911397,84,1
SKU23,RM81,RM,Others,0.50628077,G,0.11803985,133,1
SKU23,RM94,RM,Others,0.00421901,G,0.25775,70,1
SKU24,RM1,RM,Others,1.47755014,G,0.042525,56,1
SKU24,RM106,RM,Others,0.00738326,G,0.25703874,70,1
SKU24,RM108,RM,Others,0.00738326,G,0.6098795,126,1
SKU24,RM111,RM,Others,0.00738326,G,0.26665399,70,1
SKU24,RM112,RM,Others,0.00738326,G,0.31543914,70,1
SKU24,RM122,RM,Others,0.00738326,G,0.65009415,105,1
SKU24,RM132,RM,Others,26.93856681,G,0.02703,56,1
SKU24,RM151,RM,Others,0.00738326,G,2.9457884,105,1
SKU24,RM152,RM,Others,0.00738326,G,2.14716104,105,1
SKU24,RM153,RM,Others,0.00738326,G,3.9716267,105,1
SKU24,RM167,RM,Others,0.07457094,G,0.00925705,42,1
SKU24,RM39,RM,Others,5.22587228,G,0.13572957,56,1
SKU24,RM60,RM,Others,1.87608667,G,0.08911397,84,1
SKU24,RM81,RM,Others,0.88599134,G,0.11803985,133,1
SKU24,RM94,RM,Others,0.00738326,G,0.25775,70,1
SKU25,RM1,RM,Others,0.42906445,G,0.042525,56,1
SKU25,RM106,RM,Others,0.00212449,G,0.25703874,70,1
SKU25,RM108,RM,Others,0.00212449,G,0.6098795,126,1
SKU25,RM111,RM,Others,0.00212449,G,0.26665399,70,1
SKU25,RM112,RM,Others,0.00212449,G,0.31543914,70,1
SKU25,RM122,RM,Others,0.00212449,G,0.65009415,105,1
SKU25,RM138,RM,Others,0.10728649,G,0.37092876,70,1
SKU25,RM151,RM,Others,0.00212449,G,2.9457884,105,1
SKU25,RM152,RM,Others,0.00212449,G,2.14716104,105,1
SKU25,RM153,RM,Others,0.00212449,G,3.9716267,105,1
SKU25,RM167,RM,Others,0.32207193,G,0.00925705,42,1
SKU25,RM26,RM,Others,1.59570068,G,0.03193511,105,1
SKU25,RM39,RM,Others,1.50371048,G,0.13572957,56,1
SKU25,RM5,RM,Others,0.21457299,G,0.22473,56,1
SKU25,RM51,RM,Others,0.53983164,G,0.04374526,84,1
SKU25,RM53,RM,Others,2.14742944,G,0.00922471,42,1
SKU25,RM63,RM,Others,2.14233067,G,0.020177,84,1
SKU25,RM90,RM,Others,1.06394209,G,0.09503813,56,1
SKU25,RM91,RM,Others,1.06394209,G,0.03353945,28,1
SKU25,RM94,RM,Others,0.00212449,G,0.25775,70,1
SKU26,RM1,RM,Others,1.50408931,G,0.042525,56,1
SKU26,RM106,RM,Others,0.0074474,G,0.25703874,70,1
SKU26,RM108,RM,Others,0.0074474,G,0.6098795,126,1
SKU26,RM111,RM,Others,0.0074474,G,0.26665399,70,1
SKU26,RM112,RM,Others,0.0074474,G,0.31543914,70,1
SKU26,RM122,RM,Others,0.0074474,G,0.65009415,105,1
SKU26,RM138,RM,Others,0.37609378,G,0.37092876,70,1
SKU26,RM151,RM,Others,0.0074474,G,2.9457884,105,1
SKU26,RM152,RM,Others,0.0074474,G,2.14716104,105,1
SKU26,RM153,RM,Others,0.0074474,G,3.9716267,105,1
SKU26,RM167,RM,Others,1.12902607,G,0.00925705,42,1
SKU26,RM26,RM,Others,5.59374327,G,0.03193511,105,1
SKU26,RM39,RM,Others,5.27127078,G,0.13572957,56,1
SKU26,RM5,RM,Others,0.75218755,G,0.22473,56,1
SKU26,RM51,RM,Others,1.89238472,G,0.04374526,84,1
SKU26,RM53,RM,Others,7.52783344,G,0.00922471,42,1
SKU26,RM63,RM,Others,7.50995967,G,0.020177,84,1
SKU26,RM90,RM,Others,3.72965867,G,0.09503813,56,1
SKU26,RM91,RM,Others,3.72965867,G,0.03353945,28,1
SKU26,RM94,RM,Others,0.0074474,G,0.25775,70,1
SKU27,RM105,RM,Others,0.77316958,G,0.17989918,154,1
SKU27,RM106,RM,Others,0.00255593,G,0.25703874,70,1
SKU27,RM108,RM,Others,0.00255593,G,0.6098795,126,1
SKU27,RM111,RM,Others,0.00255593,G,0.26665399,70,1
SKU27,RM112,RM,Others,0.00255593,G,0.31543914,70,1
SKU27,RM122,RM,Others,0.00255593,G,0.65009415,105,1
SKU27,RM15,RM,Others,2.68781862,G,0.03206499,63,1
SKU27,RM151,RM,Others,0.00255593,G,2.9457884,105,1
SKU27,RM152,RM,Others,0.00255593,G,2.14716104,105,1
SKU27,RM153,RM,Others,0.00255593,G,3.9716267,105,1
SKU27,RM159,RM,Others,1.280011,G,0.02212597,56,1
SKU27,RM166,RM,Others,5.1195328,G,0.02767,63,1
SKU27,RM25,RM,Others,0.07693357,G,0.88060751,84,1
SKU27,RM29,RM,Others,1.79784292,G,0.0195296,42,1
SKU27,RM39,RM,Others,1.80908902,G,0.13572957,56,1
SKU27,RM62,RM,Others,9.5990601,G,0.0436825,70,1
SKU27,RM76,RM,Others,4.81818836,G,0.2605738,126,1
SKU27,RM94,RM,Others,0.00255593,G,0.25775,70,1
SKU27,RM99,RM,Global Allocation,3.89728588,G,0.141708,91,1
SKU28,RM1,RM,Others,1.50408931,G,0.042525,56,1
SKU28,RM156,RM,Others,0.0074474,G,2.08726398,105,1
SKU28,RM158,RM,Others,0.0074474,G,3.6319261,105,1
SKU28,RM16,RM,Others,3.72965867,G,0.05265721,140,1
SKU28,RM167,RM,Others,0.94135155,G,0.00925705,42,1
SKU28,RM19,RM,Others,0.00223422,G,0.16972,56,1
SKU28,RM5,RM,Others,0.75218755,G,0.22473,56,1
SKU28,RM60,RM,Others,1.51405672,G,0.08911397,84,1
SKU28,RM67,RM,Others,0.74622963,G,0.04750956,154,1
SKU29,RM1,RM,Others,1.50089755,G,0.042525,56,1
SKU29,RM11,RM,Others,6.00209678,G,0.0116,28,1
SKU29,RM126,RM,Others,0.00746715,G,0.22086689,77,1
SKU29,RM155,RM,Others,0.00821387,G,6.042904,105,1
SKU29,RM156,RM,Others,0.00746715,G,2.08726398,105,1
SKU29,RM167,RM,Others,22.64339172,G,0.00925705,42,1
SKU29,RM18,RM,Others,6.22685805,G,0.0164296,140,1
SKU29,RM19,RM,Others,0.00149343,G,0.16972,56,1
SKU29,RM20,RM,Others,0.00074672,G,0.37606,56,1
SKU29,RM49,RM,Others,3.036144,G,0.13166,91,1
SKU29,RM5,RM,Others,2.26254706,G,0.22473,56,1
SKU30,RM1,RM,Others,1.49515249,G,0.042525,56,1
SKU30,RM11,RM,Others,5.97912224,G,0.0116,28,1
SKU30,RM153,RM,Others,0.00743857,G,3.9716267,105,1
SKU30,RM156,RM,Others,0.00743857,G,2.08726398,105,1
SKU30,RM167,RM,Others,22.55671846,G,0.00925705,42,1
SKU30,RM18,RM,Others,5.82737542,G,0.0164296,140,1
SKU30,RM19,RM,Others,0.00148771,G,0.16972,56,1
SKU30,RM20,RM,Others,0.00074386,G,0.37606,56,1
SKU30,RM49,RM,Others,3.0245224,G,0.13166,91,1
SKU30,RM5,RM,Others,0.75129553,G,0.22473,56,1
SKU31,RM1,RM,Others,0.0051635,G,0.042525,56,1
SKU31,RM115,RM,Others,0.36505945,G,0.22998658,70,1
SKU31,RM166,RM,Others,5.17124525,G,0.02767,63,1
SKU31,RM167,RM,Others,0.62633255,G,0.00925705,42,1
SKU31,RM51,RM,Others,5.24869775,G,0.04374526,84,1
SKU31,RM62,RM,Others,15.51373575,G,0.0436825,70,1
SKU31,RM97,RM,Others,1.5645405,G,0.13327567,84,1
SKU32,RM1,RM,Others,1.06920908,G,0.042525,56,1
SKU32,RM16,RM,Others,2.6512953,G,0.05265721,140,1
SKU32,RM20,RM,Others,0.00052941,G,0.37606,56,1
SKU32,RM60,RM,Others,1.0762946,G,0.08911397,84,1
SKU32,RM64,RM,Others,0.05347061,G,1.88828808,63,1
SKU32,RM67,RM,Others,0.66282382,G,0.04750956,154,1
SKU33,RM1,RM,Others,1.05539296,G,0.042525,56,1
SKU33,RM106,RM,Others,0.00527376,G,0.25703874,70,1
SKU33,RM108,RM,Others,0.00527376,G,0.6098795,126,1
SKU33,RM111,RM,Others,0.00527376,G,0.26665399,70,1
SKU33,RM112,RM,Others,0.00527376,G,0.31543914,70,1
SKU33,RM122,RM,Others,0.00527376,G,0.65009415,105,1
SKU33,RM132,RM,Others,19.24183344,G,0.02703,56,1
SKU33,RM151,RM,Others,0.00527376,G,2.9457884,105,1
SKU33,RM152,RM,Others,0.00527376,G,2.14716104,105,1
SKU33,RM153,RM,Others,0.00527376,G,3.9716267,105,1
SKU33,RM167,RM,Others,0.05326496,G,0.00925705,42,1
SKU33,RM39,RM,Others,3.73276591,G,0.13572957,56,1
SKU33,RM60,RM,Others,1.34006191,G,0.08911397,84,1
SKU33,RM81,RM,Others,0.63285096,G,0.11803985,133,1
SKU33,RM94,RM,Others,0.00527376,G,0.25775,70,1
SKU34,RM106,RM,Others,0.00511187,G,0.25703874,70,1
SKU34,RM108,RM,Others,0.00511187,G,0.6098795,126,1
SKU34,RM111,RM,Others,0.00511187,G,0.26665399,70,1
SKU34,RM112,RM,Others,0.00511187,G,0.31543914,70,1
SKU34,RM115,RM,Others,0.36140886,G,0.22998658,70,1
SKU34,RM122,RM,Others,0.00511187,G,0.65009415,105,1
SKU34,RM151,RM,Others,0.00511187,G,2.9457884,105,1
SKU34,RM152,RM,Others,0.00511187,G,2.14716104,105,1
SKU34,RM153,RM,Others,0.00511187,G,3.9716267,105,1
SKU34,RM166,RM,Others,5.1195328,G,0.02767,63,1
SKU34,RM167,RM,Others,0.62006922,G,0.00925705,42,1
SKU34,RM39,RM,Others,4.1349876,G,0.13572957,56,1
SKU34,RM51,RM,Others,5.19621077,G,0.04374526,84,1
SKU34,RM62,RM,Others,15.35859839,G,0.0436825,70,1
SKU34,RM94,RM,Others,0.00511187,G,0.25775,70,1
SKU34,RM97,RM,Others,1.5488951,G,0.13327567,84,1
SKU35,RM1,RM,Others,1.07206968,G,0.042525,56,1
SKU35,RM11,RM,Others,4.28721198,G,0.0116,28,1
SKU35,RM126,RM,Others,0.00533368,G,0.22086689,77,1
SKU35,RM155,RM,Others,0.00586705,G,6.042904,105,1
SKU35,RM156,RM,Others,0.00533368,G,2.08726398,105,1
SKU35,RM167,RM,Others,16.17385123,G,0.00925705,42,1
SKU35,RM18,RM,Others,4.44775575,G,0.0164296,140,1
SKU35,RM19,RM,Others,0.00106674,G,0.16972,56,1
SKU35,RM20,RM,Others,0.00053337,G,0.37606,56,1
SKU35,RM49,RM,Others,2.16867429,G,0.13166,91,1
SKU35,RM5,RM,Others,1.61610504,G,0.22473,56,1
SKU36,RM1,RM,Others,0.42882787,G,0.042525,56,1
SKU36,RM14,RM,Others,0.00213347,G,0.1769648,0,1
SKU36,RM167,RM,Others,0.26967086,G,0.00925705,42,1
SKU36,RM18,RM,Others,1.29395077,G,0.0164296,140,1
SKU36,RM19,RM,Others,0.00021335,G,0.16972,56,1
SKU36,RM31,RM,Others,0.00021335,G,0.316176,56,1
SKU36,RM37,RM,Others,1.7257655,G,0.13155389,56,1
SKU36,RM49,RM,Others,1.30120457,G,0.13166,91,1
SKU36,RM64,RM,Others,0.02154807,G,1.88828808,63,1
SKU36,RM87,RM,Others,1.06844278,G,0.19637764,56,1
SKU37,RM1,RM,Others,0.85765574,G,0.042525,56,1
SKU37,RM14,RM,Others,0.00426694,G,0.1769648,0,1
SKU37,RM167,RM,Others,0.53934172,G,0.00925705,42,1
SKU37,RM18,RM,Others,2.58790154,G,0.0164296,140,1
SKU37,RM19,RM,Others,0.00042669,G,0.16972,56,1
SKU37,RM31,RM,Others,0.00042669,G,0.316176,56,1
SKU37,RM37,RM,Others,3.451531,G,0.13155389,56,1
SKU37,RM49,RM,Others,2.60240915,G,0.13166,91,1
SKU37,RM64,RM,Others,0.04309613,G,1.88828808,63,1
SKU37,RM87,RM,Others,2.13688556,G,0.19637764,56,1
SKU38,RM1,RM,Others,1.50089755,G,0.042525,56,1
SKU38,RM14,RM,Others,0.00746715,G,0.1769648,0,1
SKU38,RM167,RM,Others,0.94384801,G,0.00925705,42,1
SKU38,RM18,RM,Others,4.52882769,G,0.0164296,140,1
SKU38,RM19,RM,Others,0.00074672,G,0.16972,56,1
SKU38,RM31,RM,Others,0.00074672,G,0.316176,56,1
SKU38,RM37,RM,Others,6.04017925,G,0.13155389,56,1
SKU38,RM49,RM,Others,4.554216,G,0.13166,91,1
SKU38,RM64,RM,Others,0.07541824,G,1.88828808,63,1
SKU38,RM87,RM,Others,3.73954972,G,0.19637764,56,1
SKU39,PM13,PM,Primary PKG,1.0058,PC,1.2124,14,1
SKU39,PM21,PM,Primary PKG,1.0044,PC,0.6314,21,1
SKU39,RM110,RM,Others,3.92084135,G,0.22384,84,1
SKU39,RM114,RM,Others,3.37877919,G,0.067574,63,1
SKU39,RM13,RM,Others,0.18308656,G,0.11988548,56,1
SKU39,RM132,RM,Others,6.83898016,G,0.02703,56,1
SKU39,RM134,RM,Others,0.00449844,G,0.42603769,56,1
SKU39,RM153,RM,Others,0.0458841,G,3.9716267,105,1
SKU39,RM163,RM,Global Allocation,7.25328659,G,0.0851304,126,1
SKU39,RM164,RM,Others,20.2735748,G,0.01074842,63,1
SKU39,RM19,RM,Others,0.00089969,G,0.16972,56,1
SKU39,RM31,RM,Others,0.00089969,G,0.316176,56,1
SKU39,RM55,RM,Others,0.00449844,G,0.07422313,42,1
SKU39,RM6,RM,Others,0.45479241,G,0.0857879,91,1
SKU39,RM7,RM,Others,0.00449844,G,0.0770178,42,1
SKU39,RM79,RM,Others,3.59965265,G,0.21802753,133,1
SKU39,RM8,RM,Others,0.90418668,G,0.0202,42,1
SKU39,RM84,RM,Others,0.00449844,G,4.14486957,56,1
SKU39,RM97,RM,Others,0.90868512,G,0.13327567,84,1
SKU40,PM165,PM,Primary PKG,1.0058,PC,1.44333,28,1
SKU40,PM27,PM,Primary PKG,1.0044,PC,0.6441,21,1
SKU40,RM1,RM,Others,1.41513198,G,0.042525,56,1
SKU40,RM11,RM,Others,5.65911982,G,0.0116,28,1
SKU40,RM134,RM,Others,0.00704046,G,0.42603769,56,1
SKU40,RM153,RM,Others,0.00704046,G,3.9716267,105,1
SKU40,RM167,RM,Others,21.34948363,G,0.00925705,42,1
SKU40,RM18,RM,Others,2.84645701,G,0.0164296,140,1
SKU40,RM19,RM,Others,0.00070405,G,0.16972,56,1
SKU40,RM31,RM,Others,0.00070405,G,0.316176,56,1
SKU40,RM49,RM,Others,2.86265006,G,0.13166,91,1
SKU40,RM5,RM,Others,1.42217244,G,0.22473,56,1
SKU40,RM55,RM,Others,0.00704046,G,0.07422313,42,1
SKU40,RM7,RM,Others,0.00704046,G,0.0770178,42,1
SKU40,RM84,RM,Others,0.00704046,G,4.14486957,56,1
SKU41,PM153,PM,Primary PKG,1.0044,PC,0.72088,28,1
SKU41,PM76,PM,Primary PKG,1.0058,PC,1.2124,14,1
SKU41,RM115,RM,Others,0.31412858,G,0.22998658,70,1
SKU41,RM166,RM,Others,4.44978468,G,0.02767,63,1
SKU41,RM167,RM,Others,0.53895046,G,0.00925705,42,1
SKU41,RM51,RM,Others,4.51643148,G,0.04374526,84,1
SKU41,RM62,RM,Others,13.34935404,G,0.0436825,70,1
SKU41,RM97,RM,Others,1.34626536,G,0.13327567,84,1
SKU42,PM150,PM,Primary PKG,7.111006,PC,0.2,21,1
SKU42,RM1,RM,Others,0.11598773,G,0.042525,56,1
SKU42,RM104,RM,Others,0.8212624,G,0.0654,140,1
SKU42,RM113,RM,Others,9.35749793,G,0.03731,105,1
SKU42,RM115,RM,Others,0.08159535,G,0.22998658,70,1
SKU42,RM50,RM,Others,1.74985673,G,0.028669,56,1
SKU42,RM62,RM,Others,3.46751388,G,0.0436825,70,1
SKU43,PM153,PM,Primary PKG,1.0044,PC,0.72088,28,1
SKU43,PM76,PM,Primary PKG,1.0058,PC,1.2124,14,1
SKU43,RM1,RM,Others,1.03776345,G,0.042525,56,1
SKU43,RM11,RM,Others,3.77274655,G,0.0116,28,1
SKU43,RM167,RM,Others,14.23298908,G,0.00925705,42,1
SKU43,RM49,RM,Others,1.90843337,G,0.13166,91,1
SKU43,RM5,RM,Others,0.94811496,G,0.22473,56,1
SKU43,RM80,RM,Others,0.00046936,G,1.93003464,42,1
SKU44,PM78,PM,Primary PKG,1.0058,PC,1.21247,14,1
SKU44,RM113,RM,Others,38.46422052,G,0.03731,105,1
SKU44,RM117,RM,Others,0.0044649,G,1.8034197,56,1
SKU44,RM124,RM,Others,0.04509549,G,1.02144546,84,1
SKU44,RM147,RM,Others,0.00491139,G,6.1020065,56,1
SKU44,RM166,RM,Others,8.9431947,G,0.02767,63,1
SKU44,RM22,RM,Others,0.0044649,G,0.2055548,49,1
SKU44,RM25,RM,Others,0.13439349,G,0.88060751,84,1
SKU44,RM29,RM,Others,1.79444331,G,0.0195296,42,1
SKU44,RM54,RM,Others,0.04667383,G,0.20354,84,1
SKU44,RM55,RM,Others,0.04509549,G,0.07422313,42,1
SKU44,RM62,RM,Others,16.76837844,G,0.0436825,70,1
SKU45,PM77,PM,Primary PKG,1.0058,PC,1.21247,14,1
SKU45,RM1,RM,Others,0.9461297,G,0.042525,56,1
SKU45,RM11,RM,Others,2.36485355,G,0.0116,28,1
SKU45,RM117,RM,Others,0.00470711,G,1.8034197,56,1
SKU45,RM123,RM,Others,1.69691422,G,0.08169529,133,1
SKU45,RM147,RM,Others,0.00517782,G,6.1020065,56,1
SKU45,RM159,RM,Others,2.35732217,G,0.02212597,56,1
SKU45,RM162,RM,Others,0.95695606,G,0.38777456,84,1
SKU45,RM167,RM,Others,1.18948744,G,0.00925705,42,1
SKU45,RM22,RM,Others,0.00470711,G,0.2055548,49,1
SKU45,RM26,RM,Others,3.3001569,G,0.03193511,105,1
SKU45,RM53,RM,Others,4.75794978,G,0.00922471,42,1
SKU45,RM54,RM,Others,0.04920581,G,0.20354,84,1
SKU45,RM55,RM,Others,0.04754184,G,0.07422313,42,1
SKU45,RM67,RM,Others,2.59267782,G,0.04750956,154,1
SKU46,PM164,PM,Primary PKG,1.0044,PC,1.1472,21,1
SKU46,PM64,PM,Primary PKG,1.0036,PC,1.63,14,1
SKU46,RM129,RM,Others,0.0086023,G,2.01674978,56,1
SKU46,RM139,RM,Others,34.18993602,G,0.06187,140,1
SKU46,RM140,RM,Others,11.39383413,G,0.07257,140,1
SKU46,RM157,RM,Others,0.0086023,G,2.38824,91,1
SKU46,RM48,RM,Others,16.89256089,G,0.03402484,84,1
SKU46,RM72,RM,Others,4.273742,G,0.23234,140,1
SKU46,RM78,RM,Others,4.98697409,G,0.03761926,133,1
SKU46,RM90,RM,Others,9.29090849,G,0.09503813,56,1
SKU47,PM60,PM,Primary PKG,1.0044,PC,0.46065,28,1
SKU47,PM61,PM,Primary PKG,1.0036,PC,1.535,21,1
SKU47,RM118,RM,Others,0.08937594,G,7.49075866,0,1
SKU47,RM130,RM,Others,0.88882342,G,0.07431,98,1
SKU47,RM154,RM,Others,0.00096956,G,2.7433456,105,1
SKU47,RM5,RM,Others,0.13353505,G,0.22473,56,1
SKU47,RM54,RM,Others,0.09213919,G,0.20354,84,1
SKU47,RM55,RM,Others,0.08902337,G,0.07422313,42,1
SKU47,RM56,RM,Others,0.08831823,G,0.03889468,105,1
SKU47,RM7,RM,Others,0.02406275,G,0.0770178,42,1
SKU47,RM95,RM,Others,1.33535054,G,4.83194946,84,1
SKU48,PM153,PM,Primary PKG,1.0044,PC,0.72088,28,1
SKU48,PM28,PM,Primary PKG,1.0058,PC,1.2124,14,1
SKU48,RM107,RM,Others,3.27789,G,0.06663,112,1
SKU48,RM125,RM,Others,0.00462,G,3.4469789,105,1
SKU48,RM135,RM,Others,0.00462,G,0.79333289,56,1
SKU48,RM153,RM,Others,0.00462,G,3.9716267,105,1
SKU48,RM164,RM,Others,11.567556,G,0.01074842,63,1
SKU48,RM19,RM,Others,0.000924,G,0.16972,56,1
SKU48,RM31,RM,Others,0.000924,G,0.316176,56,1
SKU48,RM55,RM,Others,0.93324,G,0.07422313,42,1
SKU48,RM62,RM,Others,10.68837,G,0.0436825,70,1
SKU48,RM7,RM,Others,1.16655,G,0.0770178,42,1
SKU48,RM85,RM,Others,0.00462,G,0.0967906,49,1
SKU48,RM97,RM,Others,0.46662,G,0.13327567,84,1
SKU49,PM153,PM,Primary PKG,1.0044,PC,0.72088,28,1
SKU49,PM28,PM,Primary PKG,1.0058,PC,1.2124,14,1
SKU49,RM107,RM,Others,3.215454,G,0.06663,112,1
SKU49,RM125,RM,Others,0.004532,G,3.4469789,105,1
SKU49,RM135,RM,Others,0.004532,G,0.79333289,56,1
SKU49,RM153,RM,Others,0.004532,G,3.9716267,105,1
SKU49,RM164,RM,Others,11.3472216,G,0.01074842,63,1
SKU49,RM19,RM,Others,0.0018128,G,0.16972,56,1
SKU49,RM31,RM,Others,0.0018128,G,0.316176,56,1
SKU49,RM55,RM,Others,0.915464,G,0.07422313,42,1
SKU49,RM62,RM,Others,10.484782,G,0.0436825,70,1
SKU49,RM7,RM,Others,1.14433,G,0.0770178,42,1
SKU49,RM85,RM,Others,0.004532,G,0.0967906,49,1
SKU49,RM97,RM,Others,0.457732,G,0.13327567,84,1
SKU50,PM153,PM,Primary PKG,1.0044,PC,0.72088,28,1
SKU50,PM28,PM,Primary PKG,1.0058,PC,1.2124,14,1
SKU50,RM1,RM,Others,0.94736928,G,0.042525,56,1
SKU50,RM11,RM,Others,3.78853446,G,0.0116,28,1
SKU50,RM125,RM,Others,0.00471328,G,3.4469789,105,1
SKU50,RM135,RM,Others,0.00471328,G,0.79333289,56,1
SKU50,RM153,RM,Others,0.00471328,G,3.9716267,105,1
SKU50,RM167,RM,Others,14.29255027,G,0.00925705,42,1
SKU50,RM18,RM,Others,1.19104586,G,0.0164296,140,1
SKU50,RM19,RM,Others,0.00047133,G,0.16972,56,1
SKU50,RM31,RM,Others,0.00047133,G,0.316176,56,1
SKU50,RM49,RM,Others,1.91641965,G,0.13166,91,1
SKU50,RM5,RM,Others,0.95208256,G,0.22473,56,1
SKU50,RM55,RM,Others,0.95208256,G,0.07422313,42,1
SKU50,RM7,RM,Others,0.00471328,G,0.0770178,42,1
SKU51,PM28,PM,Primary PKG,1.0058,PC,1.2124,14,1
SKU51,PM36,PM,Primary PKG,1.0044,PC,0.74823,28,1
SKU51,RM1,RM,Others,0.93480424,G,0.042525,56,1
SKU51,RM121,RM,Others,0.47505909,G,0.45269551,56,1
SKU51,RM125,RM,Others,0.00467118,G,3.4469789,105,1
SKU51,RM13,RM,Others,0.04764604,G,0.11988548,56,1
SKU51,RM132,RM,Others,11.36218018,G,0.02703,56,1
SKU51,RM135,RM,Others,0.00467118,G,0.79333289,56,1
SKU51,RM148,RM,Others,4.73424174,G,0.0332,49,1
SKU51,RM153,RM,Others,0.00467118,G,3.9716267,105,1
SKU51,RM167,RM,Others,0.04717893,G,0.00925705,42,1
SKU51,RM17,RM,Others,0.94357852,G,0.0941274,84,1
SKU51,RM18,RM,Others,1.65266377,G,0.0164296,140,1
SKU51,RM5,RM,Others,0.94357852,G,0.22473,56,1
SKU51,RM55,RM,Others,0.94357852,G,0.07422313,42,1
SKU51,RM75,RM,Others,0.47505909,G,0.27124723,56,1
SKU51,RM81,RM,Others,0.5605417,G,0.11803985,133,1
SKU51,RM84,RM,Others,0.00467118,G,4.14486957,56,1
SKU51,RM89,RM,Others,1.18694704,G,0.44139384,84,1
SKU52,RM113,RM,Others,0.644586,G,0.03731,105,1
SKU52,RM136,RM,Others,0.0021412,G,0.1860946,112,1
SKU52,RM141,RM,Others,0.000212,G,11.0,21,1
SKU52,RM143,RM,Others,0.0021412,G,0.10749969,56,1
SKU52,RM145,RM,Others,0.000212,G,41.2443519,126,1
SKU52,RM166,RM,Others,0.3184876,G,0.02767,63,1
SKU52,RM21,RM,Others,24.03607162,G,0.013,42,1
SKU52,RM29,RM,Others,0.1065088,G,0.0195296,42,1
SKU52,RM52,RM,Others,0.042612,G,0.21746756,112,1
SKU52,RM62,RM,Others,1.2632868,G,0.0436825,70,1
SKU52,RM97,RM,Others,0.0021412,G,0.13327567,84,1
SKU53,RM1,RM,Others,0.43268259,G,0.042525,56,1
SKU53,RM138,RM,Others,0.1081912,G,0.37092876,70,1
SKU53,RM167,RM,Others,0.32478784,G,0.00925705,42,1
SKU53,RM26,RM,Others,1.60915664,G,0.03193511,105,1
SKU53,RM30,RM,Others,0.0021424,G,8.8095523,0,1
SKU53,RM5,RM,Others,0.2163824,G,0.22473,56,1
SKU53,RM51,RM,Others,0.54438384,G,0.04374526,84,1
SKU53,RM53,RM,Others,2.16553792,G,0.00922471,42,1
SKU53,RM63,RM,Others,2.16039616,G,0.020177,84,1
SKU53,RM84,RM,Others,0.0021424,G,4.14486957,56,1
SKU53,RM90,RM,Others,1.07291392,G,0.09503813,56,1
SKU53,RM91,RM,Others,1.07291392,G,0.03353945,28,1
SKU54,RM1,RM,Others,0.86536517,G,0.042525,56,1
SKU54,RM138,RM,Others,0.2163824,G,0.37092876,70,1
SKU54,RM167,RM,Others,0.64957568,G,0.00925705,42,1
SKU54,RM26,RM,Others,3.21831328,G,0.03193511,105,1
SKU54,RM30,RM,Others,0.0042848,G,8.8095523,0,1
SKU54,RM5,RM,Others,0.4327648,G,0.22473,56,1
SKU54,RM51,RM,Others,1.08876768,G,0.04374526,84,1
SKU54,RM53,RM,Others,4.33107584,G,0.00922471,42,1
SKU54,RM63,RM,Others,4.32079232,G,0.020177,84,1
SKU54,RM84,RM,Others,0.0042848,G,4.14486957,56,1
SKU54,RM90,RM,Others,2.14582784,G,0.09503813,56,1
SKU54,RM91,RM,Others,2.14582784,G,0.03353945,28,1
SKU55,RM1,RM,Others,1.51438905,G,0.042525,56,1
SKU55,RM138,RM,Others,0.3786692,G,0.37092876,70,1
SKU55,RM167,RM,Others,1.13675744,G,0.00925705,42,1
SKU55,RM26,RM,Others,5.63204824,G,0.03193511,105,1
SKU55,RM30,RM,Others,0.0074984,G,8.8095523,0,1
SKU55,RM5,RM,Others,0.7573384,G,0.22473,56,1
SKU55,RM51,RM,Others,1.90534344,G,0.04374526,84,1
SKU55,RM53,RM,Others,7.57938272,G,0.00922471,42,1
SKU55,RM63,RM,Others,7.56138656,G,0.020177,84,1
SKU55,RM84,RM,Others,0.0074984,G,4.14486957,56,1
SKU55,RM90,RM,Others,3.75519872,G,0.09503813,56,1
SKU55,RM91,RM,Others,3.75519872,G,0.03353945,28,1
SKU56,RM132,RM,Others,8.30465143,G,0.02703,56,1
SKU56,RM163,RM,Global Allocation,5.86733661,G,0.0851304,126,1
SKU56,RM164,RM,Others,16.4126461,G,0.01074842,63,1
SKU56,RM166,RM,Others,2.05178561,G,0.02767,63,1
SKU56,RM30,RM,Others,0.00409702,G,8.8095523,0,1
SKU56,RM52,RM,Others,0.82350022,G,0.21746756,112,1
SKU56,RM6,RM,Others,1.03531594,G,0.0857879,91,1
SKU56,RM84,RM,Others,0.04137986,G,4.14486957,56,1
SKU57,PM199,PM,Primary PKG,1.0044,PC,0.2,21,1
SKU57,RM132,RM,Others,14.5064505,G,0.02703,56,1
SKU57,RM163,RM,Global Allocation,10.24898261,G,0.0851304,126,1
SKU57,RM164,RM,Others,28.66938367,G,0.01074842,63,1
SKU57,RM166,RM,Others,3.58403079,G,0.02767,63,1
SKU57,RM30,RM,Others,0.00715661,G,8.8095523,0,1
SKU57,RM52,RM,Others,1.43847881,G,0.21746756,112,1
SKU57,RM6,RM,Others,1.8084756,G,0.0857879,91,1
SKU57,RM84,RM,Others,0.07228177,G,4.14486957,56,1
SKU58,RM1,RM,Others,0.43003485,G,0.042525,56,1
SKU58,RM132,RM,Others,7.84035833,G,0.02703,56,1
SKU58,RM167,RM,Others,0.02170356,G,0.00925705,42,1
SKU58,RM30,RM,Others,0.00214887,G,8.8095523,0,1
SKU58,RM60,RM,Others,0.54602726,G,0.08911397,84,1
SKU58,RM81,RM,Others,0.25786411,G,0.11803985,133,1
SKU58,RM84,RM,Others,0.02170356,G,4.14486957,56,1
SKU59,RM1,RM,Others,0.8600697,G,0.042525,56,1
SKU59,RM132,RM,Others,15.68071665,G,0.02703,56,1
SKU59,RM167,RM,Others,0.04340713,G,0.00925705,42,1
SKU59,RM30,RM,Others,0.00429774,G,8.8095523,0,1
SKU59,RM60,RM,Others,1.09205451,G,0.08911397,84,1
SKU59,RM81,RM,Others,0.51572822,G,0.11803985,133,1
SKU59,RM84,RM,Others,0.04340713,G,4.14486957,56,1
SKU60,RM1,RM,Others,1.07508713,G,0.042525,56,1
SKU60,RM132,RM,Others,19.60089581,G,0.02703,56,1
SKU60,RM167,RM,Others,0.05425891,G,0.00925705,42,1
SKU60,RM30,RM,Others,0.00537217,G,8.8095523,0,1
SKU60,RM60,RM,Others,1.36506814,G,0.08911397,84,1
SKU60,RM81,RM,Others,0.64466028,G,0.11803985,133,1
SKU60,RM84,RM,Others,0.05425891,G,4.14486957,56,1
SKU61,RM1,RM,Others,1.50512197,G,0.042525,56,1
SKU61,RM132,RM,Others,27.44125414,G,0.02703,56,1
SKU61,RM167,RM,Others,0.07596247,G,0.00925705,42,1
SKU61,RM30,RM,Others,0.00752104,G,8.8095523,0,1
SKU61,RM60,RM,Others,1.9110954,G,0.08911397,84,1
SKU61,RM81,RM,Others,0.90252439,G,0.11803985,133,1
SKU61,RM84,RM,Others,0.07596247,G,4.14486957,56,1
SKU62,RM104,RM,Others,0.86947344,G,0.0654,140,1
SKU62,RM113,RM,Others,1.30036104,G,0.03731,105,1
SKU62,RM119,RM,Others,1.73381472,G,0.07687,112,1
SKU62,RM12,RM,Others,0.85664304,G,0.03176406,7,1
SKU62,RM13,RM,Others,0.00870329,G,0.11988548,56,1
SKU62,RM149,RM,Others,0.00023522,G,8.05804833,105,1
SKU62,RM15,RM,Others,0.42832152,G,0.03206499,63,1
SKU62,RM153,RM,Others,0.00218117,G,3.9716267,105,1
SKU62,RM21,RM,Others,24.03607162,G,0.013,42,1
SKU62,RM29,RM,Others,0.12892414,G,0.0195296,42,1
SKU62,RM55,RM,Others,0.00021384,G,0.07422313,42,1
SKU62,RM58,RM,Others,0.04283215,G,0.07906378,84,1
SKU62,RM62,RM,Others,0.53541259,G,0.0436825,70,1
SKU62,RM79,RM,Others,0.17111477,G,0.21802753,133,1
SKU62,RM84,RM,Others,0.00021384,G,4.14486957,56,1
SKU62,RM97,RM,Others,0.04319568,G,0.13327567,84,1
SKU63,PM142,PM,Primary PKG,1.0058,PC,0.85979,14,1
SKU63,PM143,PM,Primary PKG,1.0012,PC,0.62459,14,1
SKU63,PM160,PM,Primary PKG,1.0058,PC,0.15929,14,1
SKU63,RM12,RM,Others,5.63970188,G,0.03176406,7,1
SKU63,RM137,RM,Others,0.0315976,G,0.134,56,1
SKU63,RM159,RM,Others,0.78337014,G,0.02212597,56,1
SKU63,RM166,RM,Others,4.69990799,G,0.02767,63,1
SKU63,RM167,RM,Others,5.05968262,G,0.00925705,42,1
SKU63,RM29,RM,Others,1.57174584,G,0.0195296,42,1
SKU63,RM49,RM,Others,0.95418488,G,0.13166,91,1
SKU63,RM53,RM,Others,4.42710497,G,0.00922471,42,1
SKU63,RM61,RM,Others,0.63601897,G,0.45649114,168,1
SKU63,RM62,RM,Others,14.09941113,G,0.0436825,70,1
SKU63,RM84,RM,Others,0.0315976,G,4.14486957,56,1
SKU64,PM144,PM,Primary PKG,1.0058,PC,1.20635,14,1
SKU64,PM145,PM,Primary PKG,1.0044,PC,0.72001,28,1
SKU64,RM1,RM,Others,0.94322919,G,0.042525,56,1
SKU64,RM121,RM,Others,0.47934058,G,0.45269551,56,1
SKU64,RM132,RM,Others,11.46458227,G,0.02703,56,1
SKU64,RM137,RM,Others,0.04760413,G,0.134,56,1
SKU64,RM148,RM,Others,4.77690928,G,0.0332,49,1
SKU64,RM167,RM,Others,4.76418342,G,0.00925705,42,1
SKU64,RM17,RM,Others,0.95208256,G,0.0941274,84,1
SKU64,RM18,RM,Others,0.7861751,G,0.0164296,140,1
SKU64,RM5,RM,Others,0.95208256,G,0.22473,56,1
SKU64,RM75,RM,Others,0.47934058,G,0.27124723,56,1
SKU64,RM81,RM,Others,0.5655936,G,0.11803985,133,1
SKU64,RM84,RM,Others,0.04760413,G,4.14486957,56,1
SKU64,RM89,RM,Others,1.19764445,G,0.44139384,84,1
SKU65,PM162,PM,Primary PKG,1.0044,PC,1.1472,21,1
SKU65,PM74,PM,Primary PKG,1.0036,PC,1.71,28,1
SKU65,RM106,RM,Others,0.08517966,G,0.25703874,70,1
SKU65,RM108,RM,Others,0.08517966,G,0.6098795,126,1
SKU65,RM111,RM,Others,0.08517966,G,0.26665399,70,1
SKU65,RM112,RM,Others,0.08517966,G,0.31543914,70,1
SKU65,RM136,RM,Others,0.09369763,G,0.1860946,112,1
SKU65,RM139,RM,Others,34.18993602,G,0.06187,140,1
SKU65,RM140,RM,Others,11.39383413,G,0.07257,140,1
SKU65,RM22,RM,Others,0.00851797,G,0.2055548,49,1
SKU65,RM23,RM,Others,0.09428798,G,0.07215956,84,1
SKU65,RM42,RM,Others,0.68219633,G,0.20867031,84,1
SKU65,RM48,RM,Others,16.89256089,G,0.03402484,84,1
SKU65,RM59,RM,Others,0.00851797,G,1.3009674,63,1
SKU65,RM72,RM,Others,4.273742,G,0.23234,140,1
SKU65,RM78,RM,Others,4.3476206,G,0.03761926,133,1
SKU65,RM90,RM,Others,9.29090849,G,0.09503813,56,1
SKU65,RM94,RM,Others,0.09428798,G,0.25775,70,1
SKU66,PM11,PM,Primary PKG,1.0036,PC,1.58,14,1
SKU66,PM163,PM,Primary PKG,1.0044,PC,1.1472,56,1
SKU66,RM101,RM,Others,0.1002198,G,0.90085229,56,1
SKU66,RM106,RM,Others,0.1002198,G,0.25703874,70,1
SKU66,RM108,RM,Others,0.1002198,G,0.6098795,126,1
SKU66,RM111,RM,Others,0.1002198,G,0.26665399,70,1
SKU66,RM112,RM,Others,0.1002198,G,0.31543914,70,1
SKU66,RM23,RM,Others,0.10091439,G,0.07215956,84,1
SKU66,RM94,RM,Others,0.10091439,G,0.25775,70,1
SKU67,PM157,PM,Primary PKG,1.0058,PC,1.2124,14,1
SKU67,PM36,PM,Primary PKG,1.0044,PC,0.74823,28,1
SKU67,RM1,RM,Others,6.21913169,G,0.042525,56,1
SKU67,RM109,RM,Others,24.00617208,G,0.02341,84,1
SKU67,RM145,RM,Others,0.00476124,G,41.2443519,126,1
SKU67,RM15,RM,Others,1.1922145,G,0.03206499,63,1
SKU67,RM157,RM,Others,0.19378247,G,2.38824,91,1
SKU67,RM160,RM,Others,9.53676372,G,0.041036,84,1
SKU67,RM49,RM,Others,1.4521782,G,0.13166,91,1
SKU67,RM5,RM,Others,1.44265572,G,0.22473,56,1
SKU67,RM82,RM,Others,9.53676372,G,0.049349,56,1
SKU67,RM87,RM,Others,4.76838186,G,0.19637764,56,1
SKU67,RM93,RM,Others,0.48421811,G,0.27475,63,1
SKU68,PM163,PM,Primary PKG,1.0044,PC,1.1472,56,1
SKU68,PM169,PM,Primary PKG,1.0036,PC,1.82,28,1
SKU68,RM139,RM,Others,34.60186296,G,0.06187,140,1
SKU68,RM140,RM,Others,11.53110924,G,0.07257,140,1
SKU68,RM146,RM,Others,5.05482519,G,0.071118,84,1
SKU68,RM150,RM,Others,0.00085352,G,13.4663169,42,1
SKU68,RM22,RM,Others,0.00862059,G,0.2055548,49,1
SKU68,RM48,RM,Others,17.09608572,G,0.03402484,84,1
SKU68,RM72,RM,Others,4.32523287,G,0.23234,140,1
SKU68,RM90,RM,Others,9.40284715,G,0.09503813,56,1
SKU69,PM172,PM,Primary PKG,1.0058,PC,2.5154,21,1
SKU69,PM26,PM,Primary PKG,1.0058,PC,0.63889,14,1
SKU69,PM34,PM,Primary PKG,1.0012,PC,0.6546,21,1
SKU69,RM103,RM,Others,0.00275,G,49.9407544,112,1
SKU69,RM113,RM,Others,23.6907,G,0.03731,105,1
SKU69,RM116,RM,Others,0.083875,G,0.2612591,140,1
SKU69,RM120,RM,Others,0.00275,G,3.7946903,84,1
SKU69,RM13,RM,Others,0.391325,G,0.11988548,56,1
SKU69,RM133,RM,Others,0.027775,G,18.88,42,1
SKU69,RM135,RM,Others,0.279675,G,0.79333289,56,1
SKU69,RM153,RM,Others,0.02805,G,3.9716267,105,1
SKU69,RM166,RM,Others,5.50825,G,0.02767,63,1
SKU69,RM19,RM,Others,0.01045,G,0.16972,56,1
SKU69,RM25,RM,Others,0.082775,G,0.88060751,84,1
SKU69,RM27,RM,Others,0.002475,G,0.91984,56,1
SKU69,RM29,RM,Others,1.105225,G,0.0195296,42,1
SKU69,RM55,RM,Others,0.027775,G,0.07422313,42,1
SKU69,RM62,RM,Others,10.3279,G,0.0436825,70,1
SKU69,RM69,RM,Others,0.027775,G,3.6,56,1
SKU69,RM74,RM,Others,0.027775,G,0.194,0,1
SKU69,RM84,RM,Others,0.027775,G,4.14486957,56,1
SKU69,RM85,RM,Others,0.014025,G,0.0967906,49,1
SKU69,RM86,RM,Others,0.014025,G,0.26966933,119,1
SKU70,PM14,PM,Primary PKG,1.0012,PC,0.11633,28,1
SKU70,PM166,PM,Primary PKG,1.0012,PC,0.264,28,1
SKU70,PM80,PM,Primary PKG,1.0036,PC,1.305,21,1
SKU70,RM120,RM,Others,0.00025301,G,3.7946903,84,1
SKU70,RM122,RM,Others,0.0282864,G,0.65009415,105,1
SKU70,RM139,RM,Others,10.25698081,G,0.06187,140,1
SKU70,RM140,RM,Others,3.41815024,G,0.07257,140,1
SKU70,RM146,RM,Others,1.41143545,G,0.071118,84,1
SKU70,RM22,RM,Others,0.00255539,G,0.2055548,49,1
SKU70,RM48,RM,Others,5.06776827,G,0.03402484,84,1
SKU70,RM72,RM,Others,1.2821226,G,0.23234,140,1
SKU70,RM86,RM,Others,0.02810929,G,0.26966933,119,1
SKU70,RM90,RM,Others,2.78727255,G,0.09503813,56,1
SKU70,RM94,RM,Others,0.0282864,G,0.25775,70,1
SKU71,PM175,PM,Primary PKG,1.0036,PC,1.877,28,1
SKU71,PM176,PM,Primary PKG,1.0044,PC,1.2,28,1
SKU71,RM128,RM,Others,0.00995473,G,3.959793,56,1
SKU71,RM22,RM,Others,0.00995473,G,0.2055548,49,1
SKU71,RM59,RM,Others,0.00995473,G,1.3009674,63,1
SKU71,RM86,RM,Others,0.10950205,G,0.26966933,119,1
SKU71,RM94,RM,Others,0.11019198,G,0.25775,70,1
SKU72,PM170,PM,Primary PKG,1.0058,PC,1.34965,28,1
SKU72,PM179,PM,Primary PKG,1.0044,PC,0.6441,21,1
SKU72,RM107,RM,Others,4.916835,G,0.06663,112,1
SKU72,RM125,RM,Others,0.00693,G,3.4469789,105,1
SKU72,RM135,RM,Others,0.00693,G,0.79333289,56,1
SKU72,RM153,RM,Others,0.00693,G,3.9716267,105,1
SKU72,RM164,RM,Others,17.351334,G,0.01074842,63,1
SKU72,RM19,RM,Others,0.001386,G,0.16972,56,1
SKU72,RM31,RM,Others,0.001386,G,0.316176,56,1
SKU72,RM55,RM,Others,1.39986,G,0.07422313,42,1
SKU72,RM62,RM,Others,16.032555,G,0.0436825,70,1
SKU72,RM7,RM,Others,1.749825,G,0.0770178,42,1
SKU72,RM85,RM,Others,0.00693,G,0.0967906,49,1
SKU72,RM97,RM,Others,0.69993,G,0.13327567,84,1
SKU73,PM170,PM,Primary PKG,1.0058,PC,1.34965,28,1
SKU73,PM179,PM,Primary PKG,1.0044,PC,0.6441,21,1
SKU73,RM1,RM,Others,1.42105392,G,0.042525,56,1
SKU73,RM11,RM,Others,5.6828017,G,0.0116,28,1
SKU73,RM125,RM,Others,0.00706992,G,3.4469789,105,1
SKU73,RM135,RM,Others,0.00706992,G,0.79333289,56,1
SKU73,RM153,RM,Others,0.00706992,G,3.9716267,105,1
SKU73,RM167,RM,Others,21.43882541,G,0.00925705,42,1
SKU73,RM18,RM,Others,1.78656878,G,0.0164296,140,1
SKU73,RM19,RM,Others,0.00070699,G,0.16972,56,1
SKU73,RM31,RM,Others,0.00070699,G,0.316176,56,1
SKU73,RM49,RM,Others,2.87462947,G,0.13166,91,1
SKU73,RM5,RM,Others,1.42812384,G,0.22473,56,1
SKU73,RM55,RM,Others,1.42812384,G,0.07422313,42,1
SKU73,RM7,RM,Others,0.00706992,G,0.0770178,42,1
SKU74,PM171,PM,Primary PKG,1.0058,PC,1.3083,28,1
SKU74,PM179,PM,Primary PKG,1.0044,PC,0.6441,21,1
SKU74,RM1,RM,Others,1.55664518,G,0.042525,56,1
SKU74,RM11,RM,Others,5.65911982,G,0.0116,28,1
SKU74,RM167,RM,Others,21.34948363,G,0.00925705,42,1
SKU74,RM49,RM,Others,2.86265006,G,0.13166,91,1
SKU74,RM5,RM,Others,1.42217244,G,0.22473,56,1
SKU74,RM80,RM,Others,0.00070405,G,1.93003464,42,1
SKU75,PM171,PM,Primary PKG,1.0058,PC,1.3083,28,1
SKU75,PM179,PM,Primary PKG,1.0044,PC,0.6441,21,1
SKU75,RM115,RM,Others,0.47119288,G,0.22998658,70,1
SKU75,RM166,RM,Others,6.67467702,G,0.02767,63,1
SKU75,RM167,RM,Others,0.80842568,G,0.00925705,42,1
SKU75,RM51,RM,Others,6.77464722,G,0.04374526,84,1
SKU75,RM62,RM,Others,20.02403106,G,0.0436825,70,1
SKU75,RM97,RM,Others,2.01939804,G,0.13327567,84,1
SKU76,PM177,PM,Primary PKG,1.0058,PC,1.37166,28,1
SKU76,PM180,PM,Primary PKG,1.0044,PC,0.6441,21,1
SKU76,RM1,RM,Others,1.41919456,G,0.042525,56,1
SKU76,RM11,RM,Others,3.54728033,G,0.0116,28,1
SKU76,RM117,RM,Others,0.00706067,G,1.8034197,56,1
SKU76,RM123,RM,Others,2.54537133,G,0.08169529,133,1
SKU76,RM147,RM,Others,0.00776674,G,6.1020065,56,1
SKU76,RM159,RM,Others,3.53598326,G,0.02212597,56,1
SKU76,RM162,RM,Others,1.4354341,G,0.38777456,84,1
SKU76,RM167,RM,Others,1.78423117,G,0.00925705,42,1
SKU76,RM22,RM,Others,0.00706067,G,0.2055548,49,1
SKU76,RM26,RM,Others,4.95023534,G,0.03193511,105,1
SKU76,RM53,RM,Others,7.13692467,G,0.00922471,42,1
SKU76,RM54,RM,Others,0.07380871,G,0.20354,84,1
SKU76,RM55,RM,Others,0.07131276,G,0.07422313,42,1
SKU76,RM67,RM,Others,3.88901673,G,0.04750956,154,1
SKU77,PM178,PM,Primary PKG,1.0058,PC,1.56058,28,1
SKU77,PM180,PM,Primary PKG,1.0044,PC,0.6441,21,1
SKU77,RM113,RM,Others,57.69633078,G,0.03731,105,1
SKU77,RM117,RM,Others,0.00669735,G,1.8034197,56,1
SKU77,RM124,RM,Others,0.06764323,G,1.02144546,84,1
SKU77,RM147,RM,Others,0.00736709,G,6.1020065,56,1
SKU77,RM166,RM,Others,13.41479205,G,0.02767,63,1
SKU77,RM22,RM,Others,0.00669735,G,0.2055548,49,1
SKU77,RM25,RM,Others,0.20159024,G,0.88060751,84,1
SKU77,RM29,RM,Others,2.69166496,G,0.0195296,42,1
SKU77,RM54,RM,Others,0.07001075,G,0.20354,84,1
SKU77,RM55,RM,Others,0.06764323,G,0.07422313,42,1
SKU77,RM62,RM,Others,25.15256766,G,0.0436825,70,1
