Location,SKU,Type,ServiceLevel,BaseStockLevel
CDC01,SKU001,FG,99.63,6800
CDC01,SKU002,FG,99.7,11509
CDC01,SKU003,FG,99.56,8912
CDC01,SKU004,FG,99.0,20261
CDC01,SKU005,FG,100.0,9902
CDC01,SKU006,FG,100.0,12264
CDC01,SKU008,FG,99.93,9108
CDC01,SKU009,FG,99.85,16952
CDC01,SKU010,FG,89.14,24991
CDC01,SKU011,FG,100.0,9480
CDC01,SKU012,FG,91.57,26057
CDC01,SKU013,FG,100.0,16049
CDC01,SKU014,FG,100.0,8329
CDC01,SKU015,FG,99.63,8632
CDC01,SKU016,FG,100.0,10059
CDC01,SKU017,FG,98.44,9931
CDC01,SKU018,FG,98.71,11222
CDC01,SKU019,FG,86.0,25285
CDC01,SKU020,FG,95.29,21124
CDC01,SKU021,FG,97.29,20267
CDC01,SKU022,FG,100.0,10377
CDC01,SKU023,FG,99.04,9650
CDC01,SKU024,FG,83.29,19737
CDC01,SKU025,FG,97.0,22771
CDC01,SKU026,FG,100.0,10756
CDC01,SKU027,FG,99.85,12308
CDC01,SKU028,FG,82.14,16625
CDC01,SKU029,FG,100.0,9099
CDC01,SKU030,FG,81.29,23264
CDC01,SKU031,FG,100.0,13663
CDC01,SKU032,FG,98.96,14677
CDC01,SKU033,FG,99.56,10911
CDC01,SKU034,FG,99.26,9555
CDC01,SKU035,FG,91.14,18054
CDC01,SKU036,FG,89.0,20902
CDC01,SKU037,FG,86.57,23199
CDC01,SKU038,FG,92.29,27116
CDC01,SKU039,FG,91.71,24610
CDC01,SKU040,FG,99.56,13024
CDC01,SKU041,FG,100.0,13274
CDC01,SKU042,FG,100.0,11249
CDC01,SKU043,FG,99.63,12274
CDC01,SKU044,FG,95.86,18015
CDC01,SKU045,FG,90.14,18839
CDC01,SKU047,FG,98.14,20387
CDC01,SKU048,FG,96.14,21389
CDC01,SKU050,FG,98.86,17601
CDC01,SKU051,FG,96.0,25656
CDC01,SKU052,FG,97.71,18894
CDC01,SKU053,FG,99.93,7416
CDC01,SKU054,FG,85.57,25001
CDC01,SKU055,FG,100.0,12594
CDC01,SKU056,FG,100.0,7289
CDC01,SKU057,FG,100.0,11652
CDC01,SKU058,FG,100.0,12655
CDC01,SKU059,FG,96.0,16771
CDC01,SKU060,FG,92.43,12793
CDC01,SKU061,FG,96.0,22509
CDC01,SKU062,FG,99.33,14179
CDC01,SKU063,FG,91.0,17687
CDC01,SKU064,FG,99.63,14167
CDC01,SKU065,FG,90.86,18913
CDC01,SKU067,FG,88.14,18231
CDC01,SKU068,FG,100.0,12505
CDC01,SKU069,FG,96.96,15326
CDC01,SKU070,FG,95.0,25039
CDC01,SKU071,FG,93.57,20605
CDC01,SKU072,FG,98.67,13727
CDC01,SKU073,FG,98.37,12490
CDC01,SKU074,FG,89.86,21604
CDC01,SKU075,FG,99.93,12158
CDC01,SKU076,FG,99.04,9493
CDC01,SKU077,FG,91.86,24996
CDC01,SKU078,FG,95.86,13759
CDC01,SKU079,FG,99.93,13167
CDC01,SKU080,FG,100.0,11566
CDC01,SKU081,FG,95.57,25478
CDC01,SKU082,FG,29.29,22841
CDC01,SKU083,FG,99.7,8935
CDC01,SKU084,FG,100.0,11138
CDC01,SKU085,FG,99.63,11008
CDC01,SKU086,FG,93.43,16803
CDC01,SKU087,FG,98.81,13677
CDC01,SKU088,FG,100.0,13375
CDC01,SKU089,FG,83.0,23644
CDC01,SKU090,FG,99.93,10907
CDC01,SKU091,FG,99.93,10590
CDC01,SKU092,FG,99.93,8440
CDC01,SKU093,FG,99.04,10251
CDC01,SKU094,FG,98.71,12734
CDC01,SKU095,FG,95.86,27003
CDC01,SKU096,FG,99.93,10582
CDC01,SKU097,FG,100.0,11174
CDC01,SKU098,FG,94.0,25263
CDC01,SKU099,FG,99.93,16121
CDC01,SKU100,FG,85.71,16311
CDC02,SKU001,FG,98.57,22059
CDC02,SKU002,FG,99.63,9926
CDC02,SKU003,FG,98.0,15344
CDC02,SKU005,FG,99.93,13044
CDC02,SKU006,FG,99.93,10020
CDC02,SKU007,FG,100.0,10872
CDC02,SKU008,FG,99.85,14264
CDC02,SKU009,FG,99.93,10790
CDC02,SKU010,FG,89.43,26617
CDC02,SKU012,FG,92.0,20225
CDC02,SKU013,FG,100.0,10660
CDC02,SKU014,FG,100.0,10069
CDC02,SKU015,FG,90.57,24968
CDC02,SKU016,FG,100.0,8990
CDC02,SKU017,FG,87.71,20448
CDC02,SKU018,FG,100.0,10398
CDC02,SKU019,FG,88.43,25108
CDC02,SKU020,FG,99.41,10576
CDC02,SKU021,FG,99.85,12847
CDC02,SKU022,FG,100.0,9722
CDC02,SKU023,FG,87.86,20382
CDC02,SKU024,FG,81.71,17907
CDC02,SKU025,FG,99.11,10172
CDC02,SKU026,FG,100.0,8638
CDC02,SKU027,FG,99.85,11200
CDC02,SKU028,FG,94.57,26509
CDC02,SKU030,FG,98.96,15730
CDC02,SKU031,FG,100.0,10267
CDC02,SKU032,FG,98.43,16277
CDC02,SKU033,FG,97.71,13872
CDC02,SKU034,FG,95.43,26636
CDC02,SKU035,FG,85.86,23390
CDC02,SKU036,FG,84.86,14770
CDC02,SKU037,FG,98.89,12585
CDC02,SKU038,FG,99.56,8663
CDC02,SKU039,FG,83.0,17620
CDC02,SKU040,FG,99.63,15976
CDC02,SKU042,FG,100.0,6479
CDC02,SKU043,FG,97.43,14356
CDC02,SKU044,FG,98.44,12517
CDC02,SKU045,FG,90.86,21981
CDC02,SKU046,FG,97.71,21934
CDC02,SKU048,FG,99.63,7091
CDC02,SKU049,FG,100.0,12327
CDC02,SKU051,FG,98.15,9530
CDC02,SKU052,FG,99.85,18073
CDC02,SKU053,FG,100.0,9900
CDC02,SKU054,FG,98.74,11706
CDC02,SKU056,FG,100.0,9727
CDC02,SKU057,FG,99.85,12033
CDC02,SKU058,FG,100.0,9885
CDC02,SKU059,FG,94.0,28278
CDC02,SKU060,FG,95.14,13889
CDC02,SKU061,FG,99.7,8384
CDC02,SKU062,FG,84.14,19296
CDC02,SKU063,FG,86.43,18584
CDC02,SKU064,FG,98.14,15228
CDC02,SKU065,FG,98.0,11501
CDC02,SKU066,FG,100.0,11751
CDC02,SKU067,FG,99.19,7902
CDC02,SKU069,FG,87.86,19862
CDC02,SKU070,FG,98.89,11825
CDC02,SKU071,FG,89.43,15096
CDC02,SKU072,FG,94.0,19665
CDC02,SKU073,FG,93.86,23031
CDC02,SKU074,FG,80.29,21062
CDC02,SKU075,FG,99.41,10514
CDC02,SKU076,FG,94.86,21982
CDC02,SKU077,FG,98.74,17833
CDC02,SKU078,FG,99.33,9850
CDC02,SKU079,FG,100.0,11095
CDC02,SKU080,FG,100.0,9052
CDC02,SKU081,FG,99.93,12773
CDC02,SKU082,FG,37.29,20781
CDC02,SKU083,FG,100.0,11286
CDC02,SKU085,FG,99.93,11305
CDC02,SKU086,FG,99.41,8468
CDC02,SKU087,FG,95.14,16704
CDC02,SKU088,FG,99.93,7479
CDC02,SKU089,FG,79.71,16995
CDC02,SKU090,FG,100.0,10811
CDC02,SKU091,FG,98.86,18976
CDC02,SKU092,FG,99.11,11857
CDC02,SKU093,FG,95.29,15907
CDC02,SKU094,FG,99.93,9065
CDC02,SKU096,FG,99.93,8332
CDC02,SKU098,FG,90.29,28222
CDC02,SKU099,FG,100.0,10929
CDC02,SKU100,FG,79.86,22716
IDC01,SKU001,FG,99.37,8999
IDC01,SKU002,FG,98.93,8550
IDC01,SKU003,FG,99.36,8365
IDC01,SKU004,FG,99.65,8251
IDC01,SKU005,FG,99.31,9732
IDC01,SKU006,FG,99.41,9009
IDC01,SKU007,FG,99.84,6982
IDC01,SKU008,FG,99.45,9355
IDC01,SKU009,FG,99.36,10477
IDC01,SKU010,FG,98.57,10896
IDC01,SKU011,FG,99.97,6381
IDC01,SKU012,FG,98.16,10391
IDC01,SKU013,FG,99.5,10420
IDC01,SKU014,FG,99.71,8365
IDC01,SKU015,FG,99.18,9211
IDC01,SKU016,FG,99.59,8776
IDC01,SKU017,FG,99.0,8846
IDC01,SKU018,FG,99.52,8126
IDC01,SKU019,FG,98.78,10102
IDC01,SKU020,FG,99.1,9420
IDC01,SKU021,FG,99.21,10106
IDC01,SKU022,FG,99.52,8577
IDC01,SKU023,FG,99.06,8412
IDC01,SKU024,FG,98.82,8523
IDC01,SKU025,FG,98.98,9486
IDC01,SKU026,FG,99.53,8759
IDC01,SKU027,FG,99.32,9375
IDC01,SKU028,FG,98.48,9974
IDC01,SKU029,FG,99.98,6043
IDC01,SKU030,FG,99.0,10418
IDC01,SKU031,FG,99.25,9900
IDC01,SKU032,FG,99.4,9686
IDC01,SKU033,FG,99.07,8415
IDC01,SKU034,FG,99.05,9989
IDC01,SKU035,FG,98.77,9171
IDC01,SKU036,FG,99.08,8346
IDC01,SKU037,FG,98.59,10033
IDC01,SKU038,FG,99.16,9267
IDC01,SKU039,FG,98.91,9114
IDC01,SKU040,FG,99.1,10666
IDC01,SKU041,FG,99.91,7702
IDC01,SKU042,FG,99.75,8313
IDC01,SKU043,FG,99.41,8925
IDC01,SKU044,FG,99.14,9032
IDC01,SKU045,FG,99.12,9092
IDC01,SKU046,FG,99.27,8026
IDC01,SKU047,FG,99.3,7968
IDC01,SKU048,FG,99.28,8776
IDC01,SKU049,FG,99.91,7547
IDC01,SKU050,FG,99.63,7410
IDC01,SKU051,FG,99.19,9715
IDC01,SKU052,FG,99.31,10895
IDC01,SKU053,FG,99.46,8407
IDC01,SKU054,FG,98.47,9605
IDC01,SKU055,FG,99.92,7558
IDC01,SKU056,FG,99.62,8256
IDC01,SKU057,FG,99.57,9538
IDC01,SKU058,FG,99.62,9492
IDC01,SKU059,FG,99.24,10096
IDC01,SKU060,FG,99.2,7590
IDC01,SKU061,FG,99.48,9596
IDC01,SKU062,FG,98.92,9798
IDC01,SKU063,FG,99.01,8513
IDC01,SKU064,FG,99.32,9755
IDC01,SKU065,FG,99.04,8953
IDC01,SKU066,FG,99.88,7387
IDC01,SKU067,FG,98.63,8266
IDC01,SKU068,FG,99.93,7724
IDC01,SKU069,FG,98.98,9640
IDC01,SKU070,FG,99.12,10129
IDC01,SKU071,FG,99.14,8761
IDC01,SKU072,FG,99.24,9627
IDC01,SKU073,FG,99.09,9623
IDC01,SKU074,FG,98.4,9402
IDC01,SKU075,FG,99.03,9152
IDC01,SKU076,FG,99.03,8879
IDC01,SKU077,FG,98.71,11211
IDC01,SKU078,FG,99.38,8168
IDC01,SKU079,FG,99.48,9864
IDC01,SKU080,FG,99.47,8574
IDC01,SKU081,FG,99.22,10697
IDC01,SKU082,FG,98.26,9131
IDC01,SKU083,FG,99.35,9042
IDC01,SKU084,FG,99.95,7013
IDC01,SKU085,FG,99.35,9236
IDC01,SKU086,FG,99.22,8224
IDC01,SKU087,FG,99.15,9349
IDC01,SKU088,FG,99.31,8917
IDC01,SKU089,FG,99.03,8905
IDC01,SKU090,FG,99.23,9238
IDC01,SKU091,FG,99.51,9783
IDC01,SKU092,FG,99.18,8471
IDC01,SKU093,FG,99.17,8408
IDC01,SKU094,FG,99.62,8203
IDC01,SKU095,FG,99.41,9019
IDC01,SKU096,FG,99.6,8351
IDC01,SKU097,FG,99.98,7186
IDC01,SKU098,FG,98.97,11046
IDC01,SKU099,FG,98.97,10089
IDC01,SKU100,FG,98.9,8612
RDC01,SKU005,FG,96.3,292
RDC01,SKU008,FG,100.0,2288
RDC01,SKU010,FG,96.94,762
RDC01,SKU012,FG,96.42,1163
RDC01,SKU013,FG,100.0,1221
RDC01,SKU015,FG,97.81,655
RDC01,SKU016,FG,100.0,1225
RDC01,SKU019,FG,98.67,576
RDC01,SKU021,FG,97.7,1736
RDC01,SKU024,FG,98.96,2253
RDC01,SKU025,FG,96.87,1000
RDC01,SKU026,FG,97.06,536
RDC01,SKU028,FG,97.26,2357
RDC01,SKU029,FG,96.34,1010
RDC01,SKU030,FG,96.52,2036
RDC01,SKU031,FG,96.45,2047
RDC01,SKU032,FG,96.0,1859
RDC01,SKU033,FG,100.0,708
RDC01,SKU038,FG,99.56,1577
RDC01,SKU040,FG,97.85,1033
RDC01,SKU042,FG,100.0,3115
RDC01,SKU047,FG,94.6,399
RDC01,SKU048,FG,96.3,1293
RDC01,SKU054,FG,97.85,1118
RDC01,SKU055,FG,97.13,1712
RDC01,SKU060,FG,99.04,1607
RDC01,SKU062,FG,96.68,1487
RDC01,SKU063,FG,99.26,1437
RDC01,SKU064,FG,100.0,914
RDC01,SKU065,FG,95.66,1406
RDC01,SKU067,FG,95.77,2048
RDC01,SKU069,FG,99.93,1063
RDC01,SKU070,FG,99.48,650
RDC01,SKU072,FG,96.3,1439
RDC01,SKU073,FG,100.0,2692
RDC01,SKU076,FG,100.0,247
RDC01,SKU079,FG,100.0,2856
RDC01,SKU080,FG,96.42,381
RDC01,SKU082,FG,90.08,2012
RDC01,SKU084,FG,97.17,2046
RDC01,SKU085,FG,100.0,2912
RDC01,SKU086,FG,96.83,1728
RDC01,SKU087,FG,100.0,1969
RDC01,SKU088,FG,96.23,657
RDC01,SKU089,FG,98.81,1516
RDC01,SKU093,FG,99.93,2897
RDC01,SKU097,FG,100.0,2352
RDC01,SKU098,FG,99.41,1499
RDC01,SKU099,FG,100.0,2970
RDC02,SKU001,FG,96.72,1331
RDC02,SKU002,FG,97.4,1037
RDC02,SKU005,FG,97.74,344
RDC02,SKU010,FG,98.37,1915
RDC02,SKU017,FG,95.43,348
RDC02,SKU019,FG,98.81,1740
RDC02,SKU020,FG,96.83,270
RDC02,SKU023,FG,96.53,1419
RDC02,SKU024,FG,98.44,804
RDC02,SKU025,FG,99.41,619
RDC02,SKU026,FG,97.02,2186
RDC02,SKU028,FG,97.48,458
RDC02,SKU030,FG,95.47,869
RDC02,SKU032,FG,95.4,521
RDC02,SKU035,FG,97.21,733
RDC02,SKU036,FG,95.66,1575
RDC02,SKU037,FG,99.56,2471
RDC02,SKU038,FG,96.3,1187
RDC02,SKU040,FG,97.25,1671
RDC02,SKU041,FG,96.91,1115
RDC02,SKU043,FG,97.4,1914
RDC02,SKU045,FG,98.74,1793
RDC02,SKU047,FG,99.7,951
RDC02,SKU051,FG,96.72,538
RDC02,SKU053,FG,100.0,1448
RDC02,SKU055,FG,97.21,624
RDC02,SKU056,FG,100.0,787
RDC02,SKU057,FG,98.15,354
RDC02,SKU059,FG,99.63,945
RDC02,SKU060,FG,95.96,705
RDC02,SKU061,FG,96.68,799
RDC02,SKU062,FG,99.85,416
RDC02,SKU064,FG,97.21,2006
RDC02,SKU065,FG,96.49,989
RDC02,SKU069,FG,99.93,2254
RDC02,SKU070,FG,96.68,280
RDC02,SKU071,FG,99.7,936
RDC02,SKU072,FG,95.96,1268
RDC02,SKU074,FG,99.78,2398
RDC02,SKU075,FG,100.0,2007
RDC02,SKU076,FG,96.38,1360
RDC02,SKU077,FG,97.74,226
RDC02,SKU080,FG,97.96,445
RDC02,SKU081,FG,99.63,1905
RDC02,SKU082,FG,92.96,3212
RDC02,SKU083,FG,95.81,1211
RDC02,SKU085,FG,100.0,1928
RDC02,SKU086,FG,99.63,848
RDC02,SKU087,FG,96.57,685
RDC02,SKU091,FG,96.11,871
RDC02,SKU092,FG,96.57,540
RDC02,SKU093,FG,95.36,640
RDC02,SKU095,FG,96.6,1504
RDC02,SKU096,FG,96.75,800
RDC02,SKU099,FG,99.93,2783
RDC03,SKU003,FG,97.17,1684
RDC03,SKU004,FG,99.93,2150
RDC03,SKU006,FG,97.09,1560
RDC03,SKU009,FG,100.0,2337
RDC03,SKU011,FG,100.0,1191
RDC03,SKU013,FG,95.89,1424
RDC03,SKU014,FG,97.66,743
RDC03,SKU017,FG,99.93,2221
RDC03,SKU019,FG,96.72,1625
RDC03,SKU020,FG,99.48,2482
RDC03,SKU022,FG,100.0,1098
RDC03,SKU024,FG,96.26,2038
RDC03,SKU028,FG,97.13,1274
RDC03,SKU030,FG,98.52,650
RDC03,SKU032,FG,97.21,533
RDC03,SKU034,FG,96.72,2060
RDC03,SKU036,FG,95.77,1184
RDC03,SKU039,FG,99.41,3136
RDC03,SKU044,FG,97.32,1074
RDC03,SKU048,FG,99.85,1207
RDC03,SKU051,FG,96.26,1011
RDC03,SKU054,FG,98.38,2487
RDC03,SKU062,FG,96.23,1731
RDC03,SKU063,FG,99.26,555
RDC03,SKU064,FG,100.0,403
RDC03,SKU068,FG,100.0,2369
RDC03,SKU069,FG,99.93,1043
RDC03,SKU070,FG,99.26,945
RDC03,SKU071,FG,99.7,973
RDC03,SKU073,FG,100.0,2767
RDC03,SKU074,FG,99.26,1043
RDC03,SKU075,FG,95.66,256
RDC03,SKU076,FG,100.0,1053
RDC03,SKU077,FG,98.96,665
RDC03,SKU081,FG,97.66,1802
RDC03,SKU082,FG,89.78,2290
RDC03,SKU086,FG,99.11,458
RDC03,SKU089,FG,98.22,729
RDC03,SKU091,FG,100.0,1832
RDC03,SKU095,FG,99.78,3054
RDC03,SKU097,FG,97.28,2310
RDC03,SKU098,FG,99.56,1517
RDC03,SKU100,FG,97.13,1715
RDC04,SKU002,FG,100.0,2860
RDC04,SKU004,FG,99.93,416
RDC04,SKU009,FG,96.98,1843
RDC04,SKU011,FG,96.34,715
RDC04,SKU012,FG,98.67,734
RDC04,SKU013,FG,100.0,538
RDC04,SKU016,FG,100.0,1338
RDC04,SKU018,FG,96.15,598
RDC04,SKU022,FG,97.47,300
RDC04,SKU024,FG,96.64,512
RDC04,SKU026,FG,95.25,1226
RDC04,SKU028,FG,98.37,564
RDC04,SKU029,FG,97.02,1123
RDC04,SKU030,FG,97.7,1774
RDC04,SKU032,FG,99.93,2655
RDC04,SKU033,FG,97.77,828
RDC04,SKU037,FG,98.89,1205
RDC04,SKU038,FG,99.63,2704
RDC04,SKU039,FG,99.19,2081
RDC04,SKU040,FG,100.0,2218
RDC04,SKU042,FG,96.53,1351
RDC04,SKU043,FG,100.0,2472
RDC04,SKU045,FG,98.37,596
RDC04,SKU048,FG,99.56,701
RDC04,SKU050,FG,96.53,499
RDC04,SKU051,FG,96.3,1514
RDC04,SKU054,FG,98.23,1249
RDC04,SKU058,FG,100.0,464
RDC04,SKU059,FG,96.57,891
RDC04,SKU060,FG,95.36,382
RDC04,SKU061,FG,99.63,1202
RDC04,SKU063,FG,96.3,1531
RDC04,SKU065,FG,99.19,1687
RDC04,SKU068,FG,96.45,1255
RDC04,SKU069,FG,96.57,1425
RDC04,SKU072,FG,99.78,983
RDC04,SKU073,FG,96.6,1237
RDC04,SKU075,FG,100.0,1035
RDC04,SKU076,FG,97.4,1050
RDC04,SKU077,FG,97.17,1616
RDC04,SKU079,FG,96.0,1504
RDC04,SKU083,FG,96.38,916
RDC04,SKU085,FG,96.6,1505
RDC04,SKU087,FG,99.93,2713
RDC04,SKU088,FG,100.0,2773
RDC04,SKU089,FG,97.48,1501
RDC04,SKU090,FG,100.0,1532
RDC04,SKU092,FG,100.0,1987
RDC04,SKU094,FG,99.85,2073
RDC04,SKU096,FG,100.0,2209
RDC04,SKU098,FG,99.7,968
RDC04,SKU100,FG,96.53,1402
RDC05,SKU001,FG,96.79,406
RDC05,SKU003,FG,100.0,1023
RDC05,SKU005,FG,96.79,1340
RDC05,SKU006,FG,96.68,783
RDC05,SKU008,FG,95.47,620
RDC05,SKU009,FG,100.0,2166
RDC05,SKU012,FG,98.89,1868
RDC05,SKU015,FG,96.98,551
RDC05,SKU017,FG,97.13,2010
RDC05,SKU019,FG,96.3,874
RDC05,SKU020,FG,99.63,737
RDC05,SKU022,FG,96.72,701
RDC05,SKU027,FG,96.6,1232
RDC05,SKU032,FG,95.66,1229
RDC05,SKU033,FG,100.0,1870
RDC05,SKU034,FG,99.93,426
RDC05,SKU035,FG,98.96,964
RDC05,SKU036,FG,96.94,839
RDC05,SKU037,FG,98.67,1394
RDC05,SKU038,FG,97.58,940
RDC05,SKU039,FG,99.41,782
RDC05,SKU041,FG,97.66,187
RDC05,SKU050,FG,100.0,2969
RDC05,SKU052,FG,99.85,2912
RDC05,SKU054,FG,98.19,2035
RDC05,SKU056,FG,100.0,450
RDC05,SKU058,FG,96.26,1977
RDC05,SKU061,FG,99.26,516
RDC05,SKU062,FG,97.09,941
RDC05,SKU063,FG,96.87,421
RDC05,SKU064,FG,99.93,2203
RDC05,SKU069,FG,99.93,2565
RDC05,SKU070,FG,97.13,1517
RDC05,SKU071,FG,99.78,2435
RDC05,SKU072,FG,96.68,1643
RDC05,SKU073,FG,100.0,1403
RDC05,SKU074,FG,99.33,1664
RDC05,SKU077,FG,95.66,2101
RDC05,SKU078,FG,99.56,696
RDC05,SKU079,FG,100.0,1239
RDC05,SKU080,FG,100.0,2647
RDC05,SKU081,FG,95.96,637
RDC05,SKU082,FG,88.81,2167
RDC05,SKU083,FG,96.0,412
RDC05,SKU084,FG,100.0,1686
RDC05,SKU085,FG,96.68,1036
RDC05,SKU087,FG,95.58,459
RDC05,SKU088,FG,100.0,1949
RDC05,SKU089,FG,98.15,1951
RDC05,SKU092,FG,100.0,1072
RDC05,SKU096,FG,100.0,1132
RDC05,SKU099,FG,97.25,945
RDC06,SKU002,FG,96.6,1126
RDC06,SKU005,FG,100.0,1206
RDC06,SKU006,FG,100.0,1823
RDC06,SKU008,FG,96.79,558
RDC06,SKU010,FG,97.51,603
RDC06,SKU013,FG,95.89,465
RDC06,SKU014,FG,100.0,2018
RDC06,SKU015,FG,99.33,2559
RDC06,SKU017,FG,95.13,1094
RDC06,SKU019,FG,96.11,1651
RDC06,SKU023,FG,99.11,2428
RDC06,SKU024,FG,95.96,1159
RDC06,SKU030,FG,96.15,2018
RDC06,SKU035,FG,98.59,2757
RDC06,SKU037,FG,96.75,959
RDC06,SKU038,FG,99.93,1236
RDC06,SKU039,FG,97.33,1963
RDC06,SKU042,FG,100.0,483
RDC06,SKU044,FG,100.0,1358
RDC06,SKU046,FG,99.48,1716
RDC06,SKU049,FG,97.25,846
RDC06,SKU051,FG,96.34,222
RDC06,SKU052,FG,97.36,1896
RDC06,SKU054,FG,96.79,1327
RDC06,SKU056,FG,96.45,1561
RDC06,SKU057,FG,97.09,1675
RDC06,SKU062,FG,96.34,404
RDC06,SKU063,FG,95.85,226
RDC06,SKU065,FG,97.55,910
RDC06,SKU066,FG,100.0,2269
RDC06,SKU070,FG,99.85,428
RDC06,SKU071,FG,95.74,485
RDC06,SKU072,FG,96.0,1305
RDC06,SKU073,FG,96.0,493
RDC06,SKU074,FG,96.26,1860
RDC06,SKU075,FG,100.0,432
RDC06,SKU076,FG,99.63,2539
RDC06,SKU077,FG,96.75,2328
RDC06,SKU080,FG,97.58,723
RDC06,SKU082,FG,91.02,1342
RDC06,SKU085,FG,100.0,608
RDC06,SKU089,FG,98.15,1801
RDC06,SKU092,FG,95.89,1732
RDC06,SKU093,FG,99.63,1686
RDC06,SKU096,FG,100.0,667
RDC06,SKU098,FG,95.13,1495
RDC06,SKU099,FG,96.42,699
RDC06,SKU100,FG,96.79,1295
RDC07,SKU003,FG,96.94,1452
RDC07,SKU007,FG,96.64,1608
RDC07,SKU009,FG,96.83,327
RDC07,SKU015,FG,95.77,678
RDC07,SKU016,FG,95.92,239
RDC07,SKU020,FG,100.0,831
RDC07,SKU021,FG,99.85,471
RDC07,SKU022,FG,95.85,1183
RDC07,SKU024,FG,96.42,1839
RDC07,SKU026,FG,96.72,514
RDC07,SKU027,FG,96.87,1716
RDC07,SKU028,FG,97.43,425
RDC07,SKU032,FG,99.85,463
RDC07,SKU036,FG,95.92,640
RDC07,SKU037,FG,97.32,923
RDC07,SKU039,FG,96.68,1090
RDC07,SKU040,FG,96.45,1410
RDC07,SKU042,FG,100.0,304
RDC07,SKU043,FG,94.53,243
RDC07,SKU044,FG,96.15,803
RDC07,SKU048,FG,99.93,279
RDC07,SKU052,FG,96.23,380
RDC07,SKU053,FG,100.0,1058
RDC07,SKU058,FG,100.0,1033
RDC07,SKU060,FG,95.92,1484
RDC07,SKU062,FG,98.44,2756
RDC07,SKU063,FG,98.59,1000
RDC07,SKU065,FG,100.0,2053
RDC07,SKU069,FG,99.41,3092
RDC07,SKU070,FG,99.85,1146
RDC07,SKU071,FG,96.68,775
RDC07,SKU073,FG,96.87,1545
RDC07,SKU074,FG,94.87,812
RDC07,SKU075,FG,98.08,834
RDC07,SKU076,FG,99.56,1077
RDC07,SKU077,FG,100.0,1907
RDC07,SKU078,FG,100.0,2466
RDC07,SKU081,FG,100.0,481
RDC07,SKU082,FG,92.04,2023
RDC07,SKU083,FG,96.42,2194
RDC07,SKU085,FG,95.13,1001
RDC07,SKU086,FG,99.93,1702
RDC07,SKU087,FG,97.02,864
RDC07,SKU089,FG,97.33,1158
RDC07,SKU092,FG,100.0,2004
RDC07,SKU093,FG,99.93,1223
RDC07,SKU096,FG,100.0,895
RDC07,SKU099,FG,96.64,489
RDC07,SKU100,FG,97.04,1364
RDC08,SKU005,FG,100.0,1610
RDC08,SKU007,FG,100.0,2934
RDC08,SKU008,FG,97.13,1717
RDC08,SKU009,FG,100.0,269
RDC08,SKU010,FG,98.96,1769
RDC08,SKU013,FG,100.0,925
RDC08,SKU015,FG,96.68,720
RDC08,SKU016,FG,100.0,1485
RDC08,SKU017,FG,96.34,895
RDC08,SKU018,FG,100.0,2433
RDC08,SKU019,FG,99.33,2951
RDC08,SKU020,FG,100.0,2557
RDC08,SKU022,FG,96.49,1068
RDC08,SKU025,FG,96.91,1795
RDC08,SKU026,FG,97.47,422
RDC08,SKU028,FG,96.87,884
RDC08,SKU030,FG,99.93,2137
RDC08,SKU031,FG,96.45,1086
RDC08,SKU032,FG,97.74,255
RDC08,SKU033,FG,96.23,684
RDC08,SKU034,FG,99.7,2911
RDC08,SKU035,FG,97.02,1996
RDC08,SKU040,FG,100.0,1678
RDC08,SKU045,FG,99.48,3001
RDC08,SKU046,FG,99.78,1411
RDC08,SKU049,FG,97.55,1928
RDC08,SKU052,FG,95.25,765
RDC08,SKU053,FG,97.09,398
RDC08,SKU054,FG,100.0,1205
RDC08,SKU056,FG,100.0,2463
RDC08,SKU057,FG,96.23,1268
RDC08,SKU059,FG,95.92,1967
RDC08,SKU061,FG,100.0,1001
RDC08,SKU062,FG,97.85,2000
RDC08,SKU064,FG,99.93,1346
RDC08,SKU065,FG,96.87,803
RDC08,SKU066,FG,97.02,1851
RDC08,SKU069,FG,96.3,518
RDC08,SKU070,FG,99.93,1679
RDC08,SKU071,FG,98.81,959
RDC08,SKU072,FG,99.33,673
RDC08,SKU073,FG,96.94,1453
RDC08,SKU074,FG,98.37,1688
RDC08,SKU075,FG,100.0,2731
RDC08,SKU076,FG,97.4,311
RDC08,SKU077,FG,96.23,1866
RDC08,SKU078,FG,100.0,1923
RDC08,SKU090,FG,100.0,1722
RDC08,SKU091,FG,96.91,355
RDC08,SKU092,FG,97.02,1220
RDC08,SKU094,FG,100.0,2083
RDC08,SKU100,FG,96.79,1286
RDC09,SKU002,FG,96.3,408
RDC09,SKU003,FG,96.64,622
RDC09,SKU005,FG,100.0,400
RDC09,SKU009,FG,99.93,2833
RDC09,SKU012,FG,99.41,985
RDC09,SKU015,FG,99.19,1869
RDC09,SKU017,FG,95.55,1617
RDC09,SKU019,FG,99.11,606
RDC09,SKU021,FG,95.77,622
RDC09,SKU023,FG,96.98,1466
RDC09,SKU025,FG,100.0,1099
RDC09,SKU026,FG,97.51,739
RDC09,SKU034,FG,97.25,1636
RDC09,SKU036,FG,96.91,1182
RDC09,SKU039,FG,96.23,840
RDC09,SKU040,FG,99.85,405
RDC09,SKU043,FG,99.48,1171
RDC09,SKU044,FG,100.0,2940
RDC09,SKU045,FG,99.19,1966
RDC09,SKU051,FG,99.85,2532
RDC09,SKU053,FG,97.25,1543
RDC09,SKU054,FG,99.93,3086
RDC09,SKU059,FG,96.3,1317
RDC09,SKU062,FG,95.36,1703
RDC09,SKU063,FG,95.43,1555
RDC09,SKU064,FG,99.85,828
RDC09,SKU065,FG,100.0,2208
RDC09,SKU066,FG,100.0,505
RDC09,SKU067,FG,99.78,867
RDC09,SKU069,FG,98.74,1904
RDC09,SKU071,FG,95.47,387
RDC09,SKU072,FG,95.55,374
RDC09,SKU076,FG,96.11,550
RDC09,SKU078,FG,100.0,1095
RDC09,SKU079,FG,100.0,1636
RDC09,SKU080,FG,100.0,1493
RDC09,SKU081,FG,96.79,1400
RDC09,SKU082,FG,93.56,1943
RDC09,SKU085,FG,95.81,550
RDC09,SKU089,FG,97.19,2474
RDC09,SKU092,FG,96.68,987
RDC09,SKU096,FG,95.74,456
RDC09,SKU098,FG,98.22,2405
RDC09,SKU099,FG,100.0,362
RDC09,SKU100,FG,96.79,260
RDC10,SKU001,FG,99.78,2367
RDC10,SKU002,FG,100.0,1848
RDC10,SKU006,FG,100.0,1953
RDC10,SKU007,FG,100.0,964
RDC10,SKU008,FG,100.0,3095
RDC10,SKU009,FG,96.26,688
RDC10,SKU010,FG,98.59,2512
RDC10,SKU013,FG,97.21,745
RDC10,SKU015,FG,97.06,1693
RDC10,SKU017,FG,96.08,1019
RDC10,SKU019,FG,99.19,2423
RDC10,SKU020,FG,96.19,1032
RDC10,SKU023,FG,98.59,1479
RDC10,SKU024,FG,97.4,271
RDC10,SKU028,FG,96.34,1729
RDC10,SKU030,FG,99.78,849
RDC10,SKU032,FG,99.7,745
RDC10,SKU035,FG,96.57,1534
RDC10,SKU036,FG,98.59,2299
RDC10,SKU039,FG,97.21,833
RDC10,SKU040,FG,96.45,1158
RDC10,SKU044,FG,96.15,1499
RDC10,SKU048,FG,96.0,696
RDC10,SKU051,FG,99.85,1726
RDC10,SKU052,FG,96.38,1481
RDC10,SKU054,FG,96.11,384
RDC10,SKU059,FG,97.51,1482
RDC10,SKU061,FG,96.91,792
RDC10,SKU063,FG,95.96,2041
RDC10,SKU070,FG,96.42,896
RDC10,SKU071,FG,98.74,313
RDC10,SKU072,FG,99.33,1250
RDC10,SKU073,FG,99.33,1757
RDC10,SKU074,FG,96.49,1063
RDC10,SKU082,FG,89.85,256
RDC10,SKU085,FG,99.93,1084
RDC10,SKU087,FG,96.49,1280
RDC10,SKU088,FG,96.19,908
RDC10,SKU089,FG,97.33,475
RDC10,SKU090,FG,97.36,1359
RDC10,SKU092,FG,96.04,1002
RDC10,SKU093,FG,99.85,1162
RDC10,SKU096,FG,96.42,878
RDC10,SKU098,FG,99.26,1781
RDC10,SKU100,FG,97.63,2677
IDC01,PM001,RM,98.9,8169
IDC01,PM002,RM,99.08,8546
IDC01,PM003,RM,99.3,16330
IDC01,PM004,RM,98.38,6988
IDC01,PM005,RM,99.13,12801
IDC01,PM006,RM,98.16,5173
IDC01,PM007,RM,99.32,20764
IDC01,PM008,RM,99.7,12301
IDC01,PM009,RM,99.05,14372
IDC01,PM011,RM,99.29,34093
IDC01,PM012,RM,98.31,5254
IDC01,PM013,RM,98.58,5653
IDC01,PM014,RM,98.37,10559
IDC01,PM015,RM,98.91,11063
IDC01,PM016,RM,99.48,17196
IDC01,PM017,RM,98.47,10787
IDC01,PM018,RM,98.66,3790
IDC01,PM019,RM,98.7,8878
IDC01,PM020,RM,99.28,24230
IDC01,PM022,RM,98.74,15056
IDC01,PM023,RM,98.59,2990
IDC01,PM025,RM,99.09,3424
IDC01,PM026,RM,98.88,6074
IDC01,PM027,RM,98.76,6263
IDC01,PM029,RM,98.46,11350
IDC01,PM030,RM,98.85,4843
IDC01,PM031,RM,99.21,22031
IDC01,PM032,RM,99.59,13535
IDC01,PM033,RM,99.61,16465
IDC01,PM035,RM,98.88,6738
IDC01,PM036,RM,98.42,7550
IDC01,PM037,RM,98.97,22185
IDC01,PM038,RM,98.77,9569
IDC01,PM039,RM,99.03,23604
IDC01,PM040,RM,98.88,11748
IDC01,PM041,RM,99.29,18568
IDC01,PM044,RM,98.21,10398
IDC01,PM045,RM,97.71,2774
IDC01,PM046,RM,98.62,7786
IDC01,PM047,RM,97.84,5541
IDC01,PM048,RM,98.84,3398
IDC01,PM049,RM,98.9,12371
IDC01,PM050,RM,99.14,5100
IDC01,PM052,RM,98.98,4703
IDC01,PM054,RM,98.41,6509
IDC01,PM056,RM,98.37,9164
IDC01,PM058,RM,98.8,12485
IDC01,PM059,RM,98.98,9618
IDC01,PM060,RM,98.88,11861
IDC01,PM061,RM,98.48,18292
IDC01,PM062,RM,98.71,10291
IDC01,PM063,RM,98.94,15381
IDC01,PM064,RM,98.82,16207
IDC01,PM065,RM,98.5,9964
IDC01,PM066,RM,99.07,2932
IDC01,PM067,RM,97.69,3661
IDC01,PM068,RM,97.71,3640
IDC01,PM069,RM,98.49,9175
IDC01,PM070,RM,99.05,15323
IDC01,PM071,RM,98.76,3573
IDC01,PM072,RM,98.29,1729
IDC01,PM073,RM,98.73,13596
IDC01,PM074,RM,99.12,19934
IDC01,PM075,RM,99.1,14720
IDC01,PM076,RM,99.09,3327
IDC01,PM077,RM,98.6,6646
IDC01,PM078,RM,99.27,18001
IDC01,PM080,RM,99.13,16740
IDC01,PM083,RM,98.88,8461
IDC01,PM085,RM,97.51,6964
IDC01,PM087,RM,99.21,25339
IDC01,PM088,RM,98.92,12497
IDC01,PM089,RM,98.8,9039
IDC01,PM091,RM,98.26,10676
IDC01,PM092,RM,98.91,3739
IDC01,PM094,RM,99.2,16913
IDC01,PM095,RM,97.76,8639
IDC01,PM096,RM,99.34,15576
IDC01,PM097,RM,98.64,13827
IDC01,PM100,RM,98.24,9889
IDC01,RM001,RM,99.24,36225
IDC01,RM002,RM,98.92,20894
IDC01,RM003,RM,98.77,28027
IDC01,RM004,RM,98.62,32330
IDC01,RM005,RM,99.09,8125
IDC01,RM007,RM,98.14,7740
IDC01,RM008,RM,98.73,41915
IDC01,RM009,RM,98.07,25973
IDC01,RM013,RM,98.86,18349
IDC01,RM017,RM,98.97,27021
IDC01,RM018,RM,98.37,7758
IDC01,RM019,RM,98.36,5689
IDC01,RM021,RM,98.89,24923
IDC01,RM022,RM,98.89,24009
IDC01,RM023,RM,99.03,21315
IDC01,RM024,RM,99.09,36349
IDC01,RM025,RM,98.84,27246
IDC01,RM026,RM,98.52,37212
IDC01,RM027,RM,98.74,32405
IDC01,RM028,RM,98.96,19471
IDC01,RM029,RM,98.58,15181
IDC01,RM030,RM,98.53,39574
IDC01,RM031,RM,98.83,27680
IDC01,RM032,RM,98.86,3646
IDC01,RM033,RM,98.96,6241
IDC01,RM035,RM,98.92,57615
IDC01,RM037,RM,98.92,18790
IDC01,RM038,RM,98.45,5610
IDC01,RM039,RM,98.28,2834
IDC01,RM040,RM,98.67,5497
IDC01,RM041,RM,98.68,3867
IDC01,RM043,RM,98.98,47955
IDC01,RM044,RM,98.9,36849
IDC01,RM046,RM,98.87,34675
IDC01,RM047,RM,98.27,6603
IDC01,RM048,RM,98.46,5325
IDC01,RM049,RM,98.28,31485
IDC01,RM050,RM,98.55,19779
IDC01,RM051,RM,99.1,25231
IDC01,RM052,RM,98.7,20779
IDC01,RM053,RM,98.58,9409
IDC01,RM054,RM,99.05,37844
IDC01,RM055,RM,98.86,47914
IDC01,RM056,RM,98.8,10461
IDC01,RM057,RM,98.58,21759
IDC01,RM058,RM,98.51,25088
IDC01,RM059,RM,98.99,17358
IDC01,RM061,RM,98.49,2831
IDC01,RM062,RM,99.12,19828
IDC01,RM063,RM,98.98,18126
IDC01,RM064,RM,98.08,15861
IDC01,RM066,RM,98.6,12785
IDC01,RM067,RM,98.88,25282
IDC01,RM068,RM,99.13,27946
IDC01,RM069,RM,98.79,6262
IDC01,RM070,RM,98.63,34638
IDC01,RM071,RM,98.71,36758
IDC01,RM072,RM,99.49,26309
IDC01,RM073,RM,99.05,25910
IDC01,RM074,RM,98.85,13521
IDC01,RM075,RM,99.17,54551
IDC01,RM076,RM,98.4,8234
IDC01,RM078,RM,98.9,9120
IDC01,RM079,RM,98.91,9277
IDC01,RM080,RM,99.01,38722
IDC01,RM081,RM,98.64,23641
IDC01,RM082,RM,98.37,16829
IDC01,RM083,RM,99.26,32076
IDC01,RM085,RM,98.4,42793
IDC01,RM086,RM,99.12,24590
IDC01,RM087,RM,98.69,7664
IDC01,RM089,RM,98.96,17164
IDC01,RM091,RM,99.22,35823
IDC01,RM093,RM,99.24,18273
IDC01,RM095,RM,99.45,20928
IDC01,RM096,RM,98.76,4169
IDC01,RM097,RM,98.4,21328
IDC01,RM098,RM,99.18,53345
IDC01,RM099,RM,98.29,9284
IDC01,RM100,RM,97.83,21620
IDC01,RM101,RM,98.95,17563
IDC01,RM102,RM,99.06,25160
IDC01,RM104,RM,98.24,29576
IDC01,RM105,RM,99.1,20032
IDC01,RM106,RM,98.76,7214
IDC01,RM107,RM,98.88,4946
IDC01,RM108,RM,98.91,9480
IDC01,RM109,RM,99.22,40639
IDC01,RM110,RM,98.79,8377
IDC01,RM111,RM,98.79,10509
IDC01,RM112,RM,99.0,41396
IDC01,RM113,RM,99.07,10925
IDC01,RM114,RM,99.18,6061
IDC01,RM115,RM,98.89,8684
IDC01,RM116,RM,98.91,16887
IDC01,RM117,RM,99.25,44221
IDC01,RM118,RM,98.82,22288
IDC01,RM119,RM,98.7,16205
IDC01,RM121,RM,98.15,5343
IDC01,RM122,RM,98.94,19850
IDC01,RM124,RM,98.59,16830
IDC01,RM125,RM,99.07,12897
IDC01,RM126,RM,98.74,32428
IDC01,RM127,RM,98.76,11538
IDC01,RM128,RM,98.74,5906
IDC01,RM130,RM,99.06,6497
IDC01,RM132,RM,99.27,40960
IDC01,RM133,RM,98.92,36986
IDC01,RM134,RM,98.81,40636
IDC01,RM135,RM,99.0,35424
IDC01,RM137,RM,99.17,16054
IDC01,RM138,RM,98.28,9110
IDC01,RM139,RM,97.76,7424
IDC01,RM140,RM,98.26,11961
IDC01,RM141,RM,99.11,35208
IDC01,RM142,RM,99.53,15245
IDC01,RM143,RM,98.7,40648
IDC01,RM144,RM,98.65,14562
IDC01,RM145,RM,99.14,37410
IDC01,RM146,RM,98.58,29763
IDC01,RM148,RM,98.49,9791
IDC01,RM149,RM,98.68,37808
IDC01,RM150,RM,99.44,22181
IDC01,RM151,RM,98.27,1812
IDC01,RM152,RM,98.41,32476
IDC01,RM154,RM,99.15,25509
IDC01,RM157,RM,98.27,7643
IDC01,RM158,RM,98.67,44779
IDC01,RM159,RM,98.72,26932
IDC01,RM160,RM,98.12,11840
IDC01,RM161,RM,98.7,16036
IDC01,RM163,RM,99.17,19111
IDC01,RM164,RM,98.76,25142
IDC01,RM165,RM,99.02,37988
IDC01,RM168,RM,98.35,30238
IDC01,RM169,RM,98.69,11146
IDC01,RM170,RM,98.58,21326
IDC01,RM171,RM,98.87,22851
IDC01,RM172,RM,97.73,31538
IDC01,RM173,RM,98.15,9826
IDC01,RM174,RM,98.79,23281
IDC01,RM175,RM,98.24,23346
IDC01,RM176,RM,98.74,4562
IDC01,RM177,RM,98.57,33979
IDC01,RM178,RM,97.67,24609
IDC01,RM179,RM,98.24,11153
IDC01,RM180,RM,99.45,9439
IDC01,RM181,RM,98.87,46068
IDC01,RM182,RM,98.7,4926
IDC01,RM183,RM,98.58,5767
IDC01,RM184,RM,98.31,34875
IDC01,RM185,RM,98.35,13439
IDC01,RM186,RM,98.84,34713
IDC01,RM187,RM,98.85,26065
IDC01,RM188,RM,99.3,27183
IDC01,RM189,RM,98.91,6575
IDC01,RM190,RM,98.47,28579
IDC01,RM191,RM,97.8,6464
IDC01,RM192,RM,98.87,31280
IDC01,RM193,RM,99.05,22078
IDC01,RM194,RM,98.98,25464
IDC01,RM195,RM,99.24,33108
IDC01,RM196,RM,99.26,12387
IDC01,RM198,RM,98.08,27935
IDC01,RM199,RM,99.26,12881
IDC01,RM200,RM,98.31,19372
